Image,index,label
d524ef383.jpg,w_98d094e,112
87270254d.jpg,w_2365d55,29
2edad0e90.jpg,w_e07b79f,174
5fe43fc9f.jpg,w_c0d11da,147
a26b65e0b.jpg,w_a190a88,120
7225578ee.jpg,w_9b5109b,115
076271ee1.jpg,w_60ce6fc,75
afb2779e4.jpg,w_f74a89e,193
141f81a4b.jpg,w_e27bbf6,177
1aeca4616.jpg,w_dee1053,171
8ec2fa6cd.jpg,w_ab7c369,128
47e04b769.jpg,w_dee1053,171
ec290545f.jpg,w_59052ad,69
071b4b2ae.jpg,w_2e374c0,38
0992af029.jpg,w_23a388d,30
c3fd63c88.jpg,w_8b86b95,102
041c117be.jpg,w_4690940,52
d12cb3580.jpg,w_f765256,194
1399ea284.jpg,w_700ebb4,87
b164bd1f2.jpg,w_da011a1,167
518140789.jpg,w_accb0cb,129
e81a3751d.jpg,w_c875e45,153
844fafccf.jpg,w_5773c71,66
49cacb853.jpg,w_fd3e556,198
07001d538.jpg,w_f829227,196
69504ab14.jpg,w_9c506f6,116
0ba05e099.jpg,w_990921b,113
c0cdf05b3.jpg,w_5a2634c,71
b8af82e35.jpg,w_75f6ffa,89
c135bd2e9.jpg,w_90c9763,106
0458c300b.jpg,w_5e8e218,74
9682bf496.jpg,w_700ebb4,87
be979e539.jpg,w_0a155b9,8
c6e055c12.jpg,w_dd88965,169
19a7a264b.jpg,w_d066c0a,159
d1525a470.jpg,w_88e4537,99
17333159c.jpg,w_cd4cb49,157
8180c1ef0.jpg,w_0369a5c,4
84e2e177d.jpg,w_15805cd,18
3fd3e4481.jpg,w_c16cb2c,148
85502485e.jpg,w_aa32f70,125
8498fec74.jpg,w_0a155b9,8
dc3a7edf4.jpg,w_789c969,91
5f1b7de72.jpg,w_488865e,54
0631db372.jpg,w_1ca9ab1,24
58a1e51f4.jpg,w_789c969,91
9d55d3372.jpg,w_2b069ba,34
f8886d86a.jpg,w_bf960fa,143
19d6253de.jpg,w_c25d2d1,150
bb0a270bd.jpg,w_04003e9,5
abd30d310.jpg,w_4c07458,57
dcff666f1.jpg,w_564a34b,65
5f447e972.jpg,w_13aa123,16
40ed1bab9.jpg,w_67a9841,79
a98b645e1.jpg,w_d980663,166
be84ef990.jpg,w_15805cd,18
2e21c23b9.jpg,w_343f088,41
d6a768170.jpg,w_3b03149,47
cdb4eb77e.jpg,w_0369a5c,4
60c0224c8.jpg,w_da011a1,167
9ab721184.jpg,w_d066f46,160
9a5da24d6.jpg,w_9438119,109
a6c9b5c71.jpg,w_733f661,88
3e53c9584.jpg,w_23a388d,30
5f37a8fb3.jpg,w_17b0d3a,21
e9bfe46e4.jpg,w_9c506f6,116
edcd49eb9.jpg,w_83a4279,97
42a505fa7.jpg,w_67a9841,79
c5c8c8c23.jpg,w_83cc0ec,98
65d0f57cf.jpg,w_234713b,28
a1052a97e.jpg,w_0369a5c,4
75ff0c0e5.jpg,w_f7cd240,195
478de5b6e.jpg,w_f61b957,190
ab7d8bc1f.jpg,w_3de579a,48
0346bbbe9.jpg,w_dee1053,171
3671adf0d.jpg,w_990921b,113
29163ad0b.jpg,w_5a3e0de,72
bcd1a1957.jpg,w_2b4b82e,35
aaeb444dd.jpg,w_234713b,28
11835e311.jpg,w_88e4537,99
de2bb31ef.jpg,w_564a34b,65
751b4e78b.jpg,w_5a2634c,71
1bb486b25.jpg,w_e2372d6,176
6f750f414.jpg,w_778e474,90
0c146080d.jpg,w_fccccec,197
5151783ee.jpg,w_234713b,28
b37f0ed5a.jpg,w_a9304b9,123
d71709d31.jpg,w_0ee7878,12
a7552646c.jpg,w_d573a68,163
d14c4714a.jpg,w_343f088,41
40ffe80d2.jpg,w_c01c1f4,146
349f8cced.jpg,w_df32eec,172
e001ea7da.jpg,w_3de579a,48
7a19cbd2a.jpg,w_08630fd,6
2f7f0b9c7.jpg,w_fd3e556,198
e23466b86.jpg,w_9a1a810,114
5ce76306e.jpg,w_d405854,161
7d7d8aba1.jpg,w_0ee7878,12
505e859e3.jpg,w_242fb46,31
9d2c4d9c4.jpg,w_e2372d6,176
3dad5ad0c.jpg,w_98d094e,112
443a9c25f.jpg,w_d066f46,160
e05883983.jpg,w_564a34b,65
0138b56d1.jpg,w_5597026,63
e70aff3bc.jpg,w_08630fd,6
1bc6642e3.jpg,w_cbb15d2,155
e2f1b6c4a.jpg,w_f48451c,188
4da3cf9ac.jpg,w_c25d2d1,150
d2c008879.jpg,w_8c25681,103
0aba5715c.jpg,w_27597ff,33
6276c95df.jpg,w_700ebb4,87
1e4b60cdd.jpg,w_e2372d6,176
4275b9298.jpg,w_0bc078c,10
659b605a1.jpg,w_2df85e7,37
206994daf.jpg,w_b9c99cc,138
160ed3262.jpg,w_bfe77d0,145
53952ef60.jpg,w_edce644,183
c3c8c2a13.jpg,w_af367c3,132
1938eedc2.jpg,w_d405854,161
086041fb9.jpg,w_3879fa0,46
779fb45f0.jpg,w_dd88965,169
b81462e5b.jpg,w_242fb46,31
3cad1ad01.jpg,w_67a9841,79
53613fa13.jpg,w_08630fd,6
6d5511c9b.jpg,w_242fb46,31
0c7cbda70.jpg,w_50fd107,58
d4501f09d.jpg,w_242fb46,31
5b199a5d0.jpg,w_d588fb4,164
487275ae3.jpg,w_1ca9ab1,24
562e97ded.jpg,w_e2372d6,176
5eec0e510.jpg,w_60ce6fc,75
6ffa197bb.jpg,w_939423d,108
430b444a5.jpg,w_27597ff,33
8fbfb1ded.jpg,w_4a28f21,55
fa5327441.jpg,w_9c506f6,116
abe9c2389.jpg,w_f602022,189
67b724634.jpg,w_b9e5911,139
079ce9622.jpg,w_50fd107,58
1fa5ead9e.jpg,w_fccccec,197
e830ea113.jpg,w_9c506f6,116
2ffd3e80b.jpg,w_218fe4a,27
930cdbb31.jpg,w_13aa123,16
316870b2c.jpg,w_d72771c,165
6465ac670.jpg,w_4c07458,57
55439f4de.jpg,w_04003e9,5
a1051c478.jpg,w_0369a5c,4
66552e429.jpg,w_aabdf8c,126
500bb560e.jpg,w_700ebb4,87
7d720a79d.jpg,w_e2a09d4,178
433ee5312.jpg,w_343f088,41
c80df3dd7.jpg,w_2df85e7,37
4d9488f38.jpg,w_2b069ba,34
ff36a2019.jpg,w_789c969,91
de094185b.jpg,w_fd6a3ad,199
57b86275e.jpg,w_e906edd,179
7e9c73f50.jpg,w_17b0d3a,21
f54e9110d.jpg,w_e2372d6,176
18b9ebd3c.jpg,w_f0eddab,186
45a49382f.jpg,w_1ca9ab1,24
0fb3bb3e7.jpg,w_ef83760,184
26f6feb14.jpg,w_778e474,90
c9af707a9.jpg,w_53feb91,62
3bb028330.jpg,w_cbb15d2,155
bcaa89ec6.jpg,w_8b86b95,102
5db4348dd.jpg,w_0cbf1b3,11
5ada27d25.jpg,w_08630fd,6
c57da2375.jpg,w_1ca9ab1,24
e9007353e.jpg,w_40a8585,49
1d0eccc44.jpg,w_d405854,161
9096ab87b.jpg,w_343f088,41
009c45bc7.jpg,w_2df85e7,37
76f0df853.jpg,w_b128587,133
d553ab46a.jpg,w_2b65b34,36
68580b658.jpg,w_2b4b82e,35
64e7c9d9b.jpg,w_9438119,109
fe2207682.jpg,w_6caff0f,82
5354272d6.jpg,w_c25d2d1,150
5b52d4558.jpg,w_0a155b9,8
e7a1455e9.jpg,w_5a3e0de,72
ebcd4bbc5.jpg,w_d405854,161
d354eccc8.jpg,w_88e4537,99
54f1d85a8.jpg,w_0369a5c,4
2e4ba52cf.jpg,w_242fb46,31
ccbb46d15.jpg,w_9c506f6,116
16661c9df.jpg,w_7e579dd,95
f6ceb1151.jpg,w_fd6a3ad,199
d9aa035c1.jpg,w_af367c3,132
c9df69a69.jpg,w_f48451c,188
ac33f64e2.jpg,w_cda3971,158
8cfe78992.jpg,w_d980663,166
42f4b2ce3.jpg,w_bfcad53,144
49c70a889.jpg,w_0369a5c,4
5b94984c6.jpg,w_e27bbf6,177
216268ccc.jpg,w_26c0ffd,32
ce370967c.jpg,w_08630fd,6
890b39e43.jpg,w_f765256,194
4b2678972.jpg,w_23a388d,30
ea9b1256f.jpg,w_0369a5c,4
8d7bac324.jpg,w_6822dbc,80
614f10ee7.jpg,w_16b5050,19
25bc15f64.jpg,w_af367c3,132
c1c0c26ef.jpg,w_e906edd,179
95bc66979.jpg,w_a8b34a0,122
f778f453d.jpg,w_698fcbe,81
f68ef850e.jpg,w_1d532b4,25
b4848c046.jpg,w_8a6a8d5,101
a60e47c55.jpg,w_23a388d,30
7b2b6d8a6.jpg,w_60cf87c,76
e212fd34c.jpg,w_9c506f6,116
ceefe609f.jpg,w_a9304b9,123
16a7f84e7.jpg,w_3de579a,48
3164c4438.jpg,w_14330a0,17
acae8931f.jpg,w_218fe4a,27
6ac409992.jpg,w_6e6307e,85
eb5763f4e.jpg,w_1b0db58,23
a7e25cad5.jpg,w_700ebb4,87
64ad3b4cd.jpg,w_55b77ce,64
8c28c9a05.jpg,w_ae393cd,130
9e23aabc4.jpg,w_0f8b8e2,13
931a21ac9.jpg,w_fd3e556,198
c45e0efa6.jpg,w_23a388d,30
356994c53.jpg,w_a8b34a0,122
4da42e23a.jpg,w_aa32f70,125
de6a45e1f.jpg,w_60ce6fc,75
ecf3e871d.jpg,w_f0fe284,187
baec3110d.jpg,w_bfe77d0,145
680070ef1.jpg,w_88e4537,99
ddb537ff2.jpg,w_a9304b9,123
4aaedb27c.jpg,w_c6fe966,152
5e73bd4ed.jpg,w_d066c0a,159
a31789205.jpg,w_af367c3,132
620a09371.jpg,w_ae393cd,130
794127fb4.jpg,w_e906edd,179
02c0b227e.jpg,w_d405854,161
d57c1723a.jpg,w_c01c1f4,146
d37c3cded.jpg,w_08630fd,6
d087298f3.jpg,w_2b069ba,34
915468526.jpg,w_bfe77d0,145
9d3614996.jpg,w_bf960fa,143
953768181.jpg,w_6e97ef4,86
afc456dd3.jpg,w_db68456,168
194d11499.jpg,w_5773c71,66
e8df40ead.jpg,w_d72771c,165
c5f4b73be.jpg,w_0369a5c,4
b8a75416b.jpg,w_50fd107,58
7f17bac3a.jpg,w_4516d31,50
cfa6a18a3.jpg,w_0369a5c,4
b354fea66.jpg,w_f7cd240,195
7ef14a014.jpg,w_0369a5c,4
9e3fb79eb.jpg,w_bfcad53,144
db0c732ed.jpg,w_83cc0ec,98
160ea1ac1.jpg,w_e2372d6,176
14859f304.jpg,w_51e7506,59
2dd2388d6.jpg,w_a9304b9,123
00e9e5122.jpg,w_0369a5c,4
2f802dce2.jpg,w_88e4537,99
04d275a05.jpg,w_37d2f3a,44
fabc19a85.jpg,w_659bdb8,78
c3c2680a5.jpg,w_564a34b,65
c8f66e8d8.jpg,w_17b0d3a,21
19a8d3828.jpg,w_a113b33,119
5d719d1a5.jpg,w_6822dbc,80
e8ac232ce.jpg,w_9c506f6,116
2ab28a9b3.jpg,w_591a2c5,70
0706d4216.jpg,w_dd88965,169
84c7e1b82.jpg,w_f0fe284,187
cfabe1bfc.jpg,w_fd3e556,198
c4e291ada.jpg,w_23a388d,30
adeac8d96.jpg,w_778e474,90
02e5c6e80.jpg,w_cda3971,158
3ea3015f9.jpg,w_aa32f70,125
5f85a5f8a.jpg,w_e27bbf6,177
e95704629.jpg,w_700ebb4,87
16071bd79.jpg,w_6822dbc,80
9a839b9cb.jpg,w_9c506f6,116
6f5d7c6cf.jpg,w_3de579a,48
629366e7e.jpg,w_0135f5f,1
081ec14a6.jpg,w_0fdf741,14
367150343.jpg,w_9b5109b,115
c1bcd7691.jpg,w_be4f189,142
790ef1a52.jpg,w_8da30ad,104
2ef85e9ef.jpg,w_ab7c369,128
6dd11100f.jpg,w_d066c0a,159
04c254622.jpg,w_2df85e7,37
19b1ab9f0.jpg,w_59052ad,69
1463708e3.jpg,w_91cc02c,107
06ae83bbc.jpg,w_0369a5c,4
f04284199.jpg,w_5773c71,66
81461594e.jpg,w_343f088,41
91c2dccf2.jpg,w_53215c6,61
b93ae246c.jpg,w_700ebb4,87
4a5059c8c.jpg,w_59052ad,69
5e2467731.jpg,w_75f6ffa,89
da66819f5.jpg,w_7e2eb3d,94
ea9b02415.jpg,w_14330a0,17
86ed545fc.jpg,w_f765256,194
4db0c011a.jpg,w_36bbd71,43
3383ded65.jpg,w_3de579a,48
76c912390.jpg,w_e1ffbe2,175
eaba4ac87.jpg,w_d980663,166
cff0ae681.jpg,w_d405854,161
aa0cb9f36.jpg,w_c97ad94,154
b37632b2c.jpg,w_d72771c,165
c21874c84.jpg,w_0cbf1b3,11
f395249f7.jpg,w_ef83760,184
38ee6b15b.jpg,w_67a9841,79
bfa4fa9be.jpg,w_789c969,91
dcb28a2f9.jpg,w_778e474,90
9482d561b.jpg,w_dee1053,171
34b486a84.jpg,w_3de579a,48
3e8b8d8d9.jpg,w_23a388d,30
81c947c7a.jpg,w_789c969,91
fa36fa260.jpg,w_6e209a8,84
ceedae923.jpg,w_6822dbc,80
dee7e277c.jpg,w_3879fa0,46
0896a27c2.jpg,w_34ecf36,42
a0c51615f.jpg,w_eaed433,181
a8a789e6f.jpg,w_c97ad94,154
e0837e60d.jpg,w_83cc0ec,98
e2c0d3bfe.jpg,w_9b5109b,115
85a874d1f.jpg,w_8003858,96
7eda4937f.jpg,w_af367c3,132
97259e618.jpg,w_d066f46,160
f414e0cb5.jpg,w_34ecf36,42
2b6126122.jpg,w_0fdf741,14
d13fc7a48.jpg,w_89f6097,100
120f5245d.jpg,w_488865e,54
c49341bc0.jpg,w_cda3971,158
c2a090a08.jpg,w_dea40e2,170
f22f11eaf.jpg,w_789c969,91
20d00b5d3.jpg,w_c1d2fbe,149
44c108310.jpg,w_b3cc7b3,135
4f3966d79.jpg,w_d405854,161
c2e1bf0c1.jpg,w_b71ac68,136
4352bc4c7.jpg,w_0fdf741,14
dada37134.jpg,w_b938e96,137
f85b0ced7.jpg,w_3879fa0,46
e27c1ff6e.jpg,w_26c0ffd,32
e8e004639.jpg,w_dea40e2,170
63b58e77c.jpg,w_f0fe284,187
b8d682bb8.jpg,w_d494351,162
44f3f2832.jpg,w_bc285a6,140
409f3a6f8.jpg,w_bfe77d0,145
1c2723346.jpg,w_9a1a810,114
6cf35eb65.jpg,w_08630fd,6
8d452541c.jpg,w_4a28f21,55
9a81088ac.jpg,w_bfe77d0,145
7e8f5731b.jpg,w_7e2eb3d,94
ab6048e2f.jpg,w_df32eec,172
52d15a86f.jpg,w_83cc0ec,98
bdeda7695.jpg,w_accb0cb,129
fa1ba1af8.jpg,w_1f0cf0a,26
0c45bf60f.jpg,w_62c78f3,77
a27b02fd4.jpg,w_f61b957,190
dabed4f9f.jpg,w_1b0db58,23
e812d1479.jpg,w_cd4cb49,157
279a9c82e.jpg,w_7c77c5c,92
b1701d305.jpg,w_5773c71,66
e38a8dd34.jpg,w_f0fe284,187
9db21b2af.jpg,w_53feb91,62
8aec615b2.jpg,w_6cda039,83
615057fdd.jpg,w_d066c0a,159
b70ce5abd.jpg,w_edce644,183
d38987758.jpg,w_ae8982d,131
a511f1690.jpg,w_db68456,168
da0a1ab88.jpg,w_4516ff1,51
a5fe093a8.jpg,w_bd1c3d5,141
8fa5b069f.jpg,w_234713b,28
258679fcf.jpg,w_88e4537,99
a0616782d.jpg,w_16b5050,19
c7da1808e.jpg,w_d494351,162
f2f91eca8.jpg,w_aabdf8c,126
17e902a34.jpg,w_5773c71,66
b0785e55d.jpg,w_aa32f70,125
45ceb27f9.jpg,w_a113b33,119
80b04198c.jpg,w_14330a0,17
e9c44c8e6.jpg,w_eba33fb,182
80c969923.jpg,w_0b1e4a6,9
6c42cf29d.jpg,w_0135f5f,1
c74822baf.jpg,w_b71ac68,136
c81e07f12.jpg,w_3815890,45
64607f7fd.jpg,w_218fe4a,27
da43bd027.jpg,w_db68456,168
b96fbc924.jpg,w_57db059,67
74d8ea620.jpg,w_bfe77d0,145
02272f684.jpg,w_7e579dd,95
d71c5fa00.jpg,w_242fb46,31
89803cf8e.jpg,w_9b5109b,115
7a6e65900.jpg,w_6caff0f,82
cb5ae8f62.jpg,w_0135f5f,1
ea0de1825.jpg,w_9c506f6,116
3f5a21629.jpg,w_e1ffbe2,175
d73b82f51.jpg,w_5a3e0de,72
5ab9bb4cf.jpg,w_16df050,20
5e27cc7f3.jpg,w_7d44896,93
bc86bece0.jpg,w_08630fd,6
031e2f2e0.jpg,w_0b1e4a6,9
67f43f11e.jpg,w_c6fe966,152
4ad214501.jpg,w_3de579a,48
ee0befb25.jpg,w_990921b,113
0716fb02e.jpg,w_564a34b,65
41669ea42.jpg,w_12cc52d,15
c565a5e24.jpg,w_4690940,52
f0437f516.jpg,w_91cc02c,107
55b35ed21.jpg,w_7c77c5c,92
da6dfd5ae.jpg,w_025911c,2
0e6dad85c.jpg,w_c01c1f4,146
9ce0f1e33.jpg,w_e906edd,179
ac0760b98.jpg,w_db68456,168
aed16be54.jpg,w_c97ad94,154
d6b6af366.jpg,w_9438119,109
bbb78dde9.jpg,w_9b5109b,115
ff9383335.jpg,w_04003e9,5
c619c79c6.jpg,w_23a388d,30
f77a2c435.jpg,w_aa32f70,125
09603cbe5.jpg,w_c6fe966,152
d91703df4.jpg,w_cc1784d,156
bea02860c.jpg,w_62c78f3,77
9eb38d187.jpg,w_191bce3,22
23d33bd86.jpg,w_581ba42,68
f62d1f908.jpg,w_b3cc7b3,135
d8784759a.jpg,w_c1d2fbe,149
41e398a98.jpg,w_83a4279,97
c00df5cc4.jpg,w_1b0db58,23
9d45383c8.jpg,w_40a8585,49
16b13bcb5.jpg,w_7e2eb3d,94
95673e4a5.jpg,w_778e474,90
7222e396f.jpg,w_8f1069a,105
b06bebe67.jpg,w_d573a68,163
ad6982c67.jpg,w_aabdf8c,126
caacbde20.jpg,w_1f0cf0a,26
44c164dc0.jpg,w_8c25681,103
0c4b0827e.jpg,w_4690940,52
501d4b884.jpg,w_a9304b9,123
cf3308136.jpg,w_c6fe966,152
81bd035f5.jpg,w_89f6097,100
38c68f5fb.jpg,w_91cc02c,107
fc5d04058.jpg,w_0369a5c,4
807c5b847.jpg,w_0ee7878,12
126fc51b0.jpg,w_700ebb4,87
77fd4840e.jpg,w_34120de,40
20e7c6af4.jpg,w_007fefa,0
426a28a9a.jpg,w_37d2f3a,44
f06c4e252.jpg,w_0369a5c,4
3daffa90c.jpg,w_62c78f3,77
68c5318b7.jpg,w_a190a88,120
3e68dd2fc.jpg,w_fccccec,197
b3435e53d.jpg,w_2365d55,29
a4cd604be.jpg,w_8da30ad,104
27d6f1553.jpg,w_34ecf36,42
d010d57f8.jpg,w_d588fb4,164
74868978a.jpg,w_1b0db58,23
9659257b6.jpg,w_51fc1fc,60
28699a435.jpg,w_007fefa,0
488ebc78e.jpg,w_9b5109b,115
ce274d9fc.jpg,w_6822dbc,80
b6f751369.jpg,w_ab2ac77,127
38ae2aefb.jpg,w_025911c,2
8238b5b87.jpg,w_03670aa,3
8e4f01cb8.jpg,w_242fb46,31
2d4ca80ea.jpg,w_dd88965,169
6138dce83.jpg,w_db68456,168
c5913842e.jpg,w_0135f5f,1
b15bc79c3.jpg,w_5597026,63
c22d51a48.jpg,w_accb0cb,129
a979bf684.jpg,w_d588fb4,164
2886ffed5.jpg,w_990921b,113
8b369569b.jpg,w_cd4cb49,157
5693515f6.jpg,w_dd88965,169
a689505d6.jpg,w_3815890,45
9aee441de.jpg,w_c1d2fbe,149
a9139b143.jpg,w_e2a09d4,178
57c767d0a.jpg,w_3879fa0,46
3a61214c7.jpg,w_778e474,90
2563d907b.jpg,w_c97ad94,154
660ce1b74.jpg,w_4690940,52
c88388c37.jpg,w_7c77c5c,92
5ba541a4b.jpg,w_6e97ef4,86
9939579b0.jpg,w_bf960fa,143
c712e442b.jpg,w_5a2634c,71
42e754a9f.jpg,w_da011a1,167
4b71fcc56.jpg,w_d405854,161
f3ac242ab.jpg,w_d066f46,160
fa0a4a0df.jpg,w_d405854,161
e91deea5c.jpg,w_2365d55,29
969277b89.jpg,w_9c506f6,116
1f1804114.jpg,w_1d532b4,25
e55fe9de7.jpg,w_733f661,88
d165ad58c.jpg,w_53feb91,62
26ae7eb8c.jpg,w_d72771c,165
78a03b758.jpg,w_b9c99cc,138
8e78db1ec.jpg,w_e27bbf6,177
cbe8bcbde.jpg,w_f66ec54,191
75da59896.jpg,w_36bbd71,43
cd444321e.jpg,w_8b86b95,102
5c029710f.jpg,w_83a4279,97
58bc661b5.jpg,w_0135f5f,1
8d2a99a11.jpg,w_5d5c6a6,73
7f6cffd58.jpg,w_234713b,28
8af345b21.jpg,w_700ebb4,87
87cd0cbef.jpg,w_e07b79f,174
a522c11bf.jpg,w_b128587,133
eafcab532.jpg,w_6822dbc,80
33842d684.jpg,w_c6fe966,152
a7ddfe7d9.jpg,w_23a388d,30
c8401ab6d.jpg,w_f829227,196
b8de9430a.jpg,w_789c969,91
009687166.jpg,w_778e474,90
0c73ce79d.jpg,w_af367c3,132
c943b92f0.jpg,w_aa32f70,125
0bd1610f8.jpg,w_0b1e4a6,9
2cf66d73c.jpg,w_6822dbc,80
cf80e7b88.jpg,w_ab2ac77,127
9db9b9dde.jpg,w_d588fb4,164
ed4254f56.jpg,w_d72771c,165
5752fec0b.jpg,w_d72771c,165
ded11c90e.jpg,w_0bc078c,10
f8bd91d98.jpg,w_8f1069a,105
043b78dc6.jpg,w_23a388d,30
80efd7b6e.jpg,w_fd6a3ad,199
9a6a08ec6.jpg,w_0bc078c,10
474195c88.jpg,w_15805cd,18
a009df8a1.jpg,w_2b4b82e,35
37fefcb32.jpg,w_9b5109b,115
2dc8893ac.jpg,w_16df050,20
a64e475bd.jpg,w_f6c5343,192
e125d1c8e.jpg,w_75f6ffa,89
3745f64e7.jpg,w_cd4cb49,157
94346ceb9.jpg,w_0f8b8e2,13
06c50767d.jpg,w_50fd107,58
3f094224c.jpg,w_af367c3,132
be9cf45bd.jpg,w_b938e96,137
e84a5cce0.jpg,w_9b5109b,115
7f4a51f88.jpg,w_2b069ba,34
e7673314b.jpg,w_83cc0ec,98
319005df1.jpg,w_4c07458,57
75385c608.jpg,w_564a34b,65
a19d4b460.jpg,w_b128587,133
648235a59.jpg,w_b9c99cc,138
c048c625f.jpg,w_b938e96,137
191958549.jpg,w_3879fa0,46
46ac1ece9.jpg,w_2365d55,29
1eef410a0.jpg,w_88e4537,99
de29a7c47.jpg,w_d72771c,165
6f68a7ea0.jpg,w_dee1053,171
a5ff08d72.jpg,w_2365d55,29
667c90122.jpg,w_343f088,41
f845cae66.jpg,w_e1ffbe2,175
89b1d7488.jpg,w_564a34b,65
7482707a6.jpg,w_fd3e556,198
206715dab.jpg,w_0ee7878,12
3c2c8b566.jpg,w_af367c3,132
2e19af968.jpg,w_7e2eb3d,94
231f1f107.jpg,w_6caff0f,82
4fa94d7be.jpg,w_04003e9,5
9f8f6b2ca.jpg,w_e07b79f,174
8d811e239.jpg,w_c01c1f4,146
46377769c.jpg,w_591a2c5,70
e70f086ef.jpg,w_b3ca4b7,134
5f0936434.jpg,w_e966f36,180
e0b0c8609.jpg,w_a113b33,119
d44d94b52.jpg,w_6cda039,83
f4e634968.jpg,w_89f6097,100
2e4a685d3.jpg,w_83cc0ec,98
6f0e2c090.jpg,w_bfcad53,144
abedea727.jpg,w_eba33fb,182
756f90134.jpg,w_d72771c,165
eaf967f66.jpg,w_af367c3,132
8f758cf94.jpg,w_f74a89e,193
34d90a7ee.jpg,w_efbdcbc,185
9712c4d36.jpg,w_aabdf8c,126
589d15a99.jpg,w_d405854,161
d8dd7c977.jpg,w_0bc078c,10
1308ee62d.jpg,w_b9e5911,139
72a2fd5b3.jpg,w_b71ac68,136
6c2fb0b49.jpg,w_55b77ce,64
11f98ade5.jpg,w_b71ac68,136
b71654304.jpg,w_789c969,91
23ec5a1a0.jpg,w_591a2c5,70
ee6591720.jpg,w_9da1811,118
d30cfb07e.jpg,w_789c969,91
694146fe2.jpg,w_d405854,161
04eec03fa.jpg,w_0135f5f,1
150de9ccb.jpg,w_7e579dd,95
3dbe31e3a.jpg,w_27597ff,33
8b051a887.jpg,w_e2372d6,176
deccdb77e.jpg,w_51fc1fc,60
300cf57a9.jpg,w_23a388d,30
9f90bab4c.jpg,w_7d44896,93
e64b4119f.jpg,w_9a1a810,114
076719457.jpg,w_9b5109b,115
31b8e4577.jpg,w_db68456,168
29fc51505.jpg,w_1d532b4,25
8e09d2150.jpg,w_88e4537,99
7b6e4a763.jpg,w_700ebb4,87
d7dfd581d.jpg,w_3de579a,48
d02c89163.jpg,w_d573a68,163
33ee87d21.jpg,w_591a2c5,70
5e8bd31a3.jpg,w_0bc078c,10
e2d079d5d.jpg,w_e27bbf6,177
7f58f245e.jpg,w_53215c6,61
d14b4f0cb.jpg,w_aabdf8c,126
e10b500e5.jpg,w_0135f5f,1
91be4e7db.jpg,w_242fb46,31
4ac2ba99f.jpg,w_9b5109b,115
533f96782.jpg,w_51fc1fc,60
4ef1ea69c.jpg,w_990921b,113
2aba65b94.jpg,w_f0fe284,187
9c441dbc8.jpg,w_c01c1f4,146
15685f504.jpg,w_9c506f6,116
477317dbe.jpg,w_ae8982d,131
0dfb0241e.jpg,w_f6c5343,192
42020c994.jpg,w_7e579dd,95
82efb5d40.jpg,w_f0fe284,187
3bfca92bd.jpg,w_ab7c369,128
6bf2f35ef.jpg,w_6e6307e,85
9223776d8.jpg,w_e906edd,179
ca3d9d5a6.jpg,w_c6b4d61,151
cd4b8f33f.jpg,w_fd3e556,198
d2fbd7192.jpg,w_15805cd,18
f5c9abd36.jpg,w_0f8b8e2,13
26b7f48a0.jpg,w_ae8982d,131
c20dccb8f.jpg,w_9b5109b,115
1ef3d57d6.jpg,w_e07b79f,174
e6233417f.jpg,w_700ebb4,87
be7b6020b.jpg,w_5597026,63
874265bdf.jpg,w_5a2634c,71
3347515d9.jpg,w_4c07458,57
5992204a9.jpg,w_5e8e218,74
06988e2d8.jpg,w_4a28f21,55
9df7e8a1f.jpg,w_6e6307e,85
65486b0cf.jpg,w_4690940,52
08406b193.jpg,w_2b4b82e,35
c543ba12b.jpg,w_6822dbc,80
373bddd97.jpg,w_af367c3,132
cabff8a49.jpg,w_0a155b9,8
4f987e4b7.jpg,w_23a388d,30
0ac53385b.jpg,w_e2a09d4,178
b108bf3e4.jpg,w_da011a1,167
6dabeae0e.jpg,w_30f2f0f,39
b1e10e854.jpg,w_5d5c6a6,73
b07967059.jpg,w_17b0d3a,21
43214e6cc.jpg,w_59052ad,69
1871a772e.jpg,w_f0eddab,186
4b227fe93.jpg,w_17b0d3a,21
6ee6775b6.jpg,w_f765256,194
8e0e5517a.jpg,w_343f088,41
5a9a11aae.jpg,w_bfe77d0,145
4714400cd.jpg,w_67a9841,79
e7e9cc786.jpg,w_8da30ad,104
1d3e315ea.jpg,w_b9c99cc,138
5ec90a5ec.jpg,w_51e7506,59
173c72f8c.jpg,w_efbdcbc,185
525e00d3b.jpg,w_88e4537,99
db0699767.jpg,w_f48451c,188
437aee14b.jpg,w_d405854,161
4f93de1d5.jpg,w_2b4b82e,35
dade44c18.jpg,w_dea40e2,170
292ffe4c6.jpg,w_9b5109b,115
8e04c5027.jpg,w_c25d2d1,150
9c0b2e885.jpg,w_26c0ffd,32
a75ddf70c.jpg,w_f0fe284,187
1e9aa4f1f.jpg,w_c6b4d61,151
17695d223.jpg,w_8da30ad,104
b28c54424.jpg,w_eba33fb,182
91819f087.jpg,w_d72771c,165
3cf6f800a.jpg,w_ef83760,184
dc55f0f7e.jpg,w_564a34b,65
4d03cc52b.jpg,w_91cc02c,107
0d626f782.jpg,w_3815890,45
d6a8809fa.jpg,w_789c969,91
aa903da4c.jpg,w_d066f46,160
ca4acea3f.jpg,w_f6c5343,192
d796f62ee.jpg,w_8b86b95,102
2cd81bee2.jpg,w_94f41dc,110
54563e691.jpg,w_2df85e7,37
63944c190.jpg,w_d980663,166
dbef1c6e2.jpg,w_fd6a3ad,199
de03c98af.jpg,w_c1d2fbe,149
5dae86fab.jpg,w_488865e,54
8c0821d53.jpg,w_9b5109b,115
0fab94b02.jpg,w_733f661,88
4b93d466a.jpg,w_a8b34a0,122
51ae55704.jpg,w_23a388d,30
0f5ad1a70.jpg,w_f6c5343,192
8918091ee.jpg,w_778e474,90
410e05dfc.jpg,w_d066f46,160
78abbd668.jpg,w_f0fe284,187
cafbd07fa.jpg,w_5a2634c,71
24af3682a.jpg,w_ae393cd,130
2a339c434.jpg,w_ab7c369,128
23991cced.jpg,w_2b65b34,36
78d259ec3.jpg,w_b71ac68,136
1cb8f292a.jpg,w_23a388d,30
125b7d50d.jpg,w_700ebb4,87
1b40c89bd.jpg,w_700ebb4,87
e36a7eea0.jpg,w_1b0db58,23
503f485b7.jpg,w_9b5109b,115
45a225765.jpg,w_564a34b,65
8f2515247.jpg,w_d573a68,163
223734d26.jpg,w_4516d31,50
41af8a1a8.jpg,w_bf960fa,143
8b279f035.jpg,w_007fefa,0
e79e867de.jpg,w_53feb91,62
7678a0178.jpg,w_2365d55,29
614836cf8.jpg,w_2b069ba,34
23c192121.jpg,w_1d532b4,25
127cf66b2.jpg,w_ef83760,184
18ce3a307.jpg,w_2b4b82e,35
c97a43770.jpg,w_778e474,90
608f9b9e9.jpg,w_9c506f6,116
2a754e737.jpg,w_1f0cf0a,26
83f06ec46.jpg,w_55b77ce,64
772d81906.jpg,w_6cda039,83
5af6fa8c1.jpg,w_23a388d,30
bf91c46d7.jpg,w_3b03149,47
6341192fa.jpg,w_e2a09d4,178
0e090476f.jpg,w_5d5c6a6,73
a4ae3428f.jpg,w_be4f189,142
f82a7cd13.jpg,w_d066f46,160
e50510d0f.jpg,w_14330a0,17
c7a2fd5e2.jpg,w_e906edd,179
c9aed2dc5.jpg,w_1d532b4,25
84f20a5d5.jpg,w_4a28f21,55
f25cf4dd2.jpg,w_3815890,45
252a17791.jpg,w_564a34b,65
bc5b3efdf.jpg,w_cc1784d,156
a24ad6d7d.jpg,w_9438119,109
259f655d8.jpg,w_88e4537,99
2e711d802.jpg,w_1ca9ab1,24
c818ad3e1.jpg,w_23a388d,30
fae67b810.jpg,w_bc285a6,140
242a7f02b.jpg,w_bfe77d0,145
b3a043eaf.jpg,w_fd3e556,198
239be7a75.jpg,w_83cc0ec,98
5e045ff26.jpg,w_27597ff,33
da201ac16.jpg,w_6822dbc,80
386f9e530.jpg,w_2df85e7,37
e7bb9a74c.jpg,w_c0d11da,147
5fa518bea.jpg,w_9438119,109
b75fc18b7.jpg,w_a9304b9,123
55b03d783.jpg,w_9b5109b,115
0ec70b0df.jpg,w_23a388d,30
95a9f8b28.jpg,w_a9304b9,123
8ec227a2d.jpg,w_91cc02c,107
fff9002e0.jpg,w_bd1c3d5,141
93d871206.jpg,w_34120de,40
e3669f582.jpg,w_0ee7878,12
a07160189.jpg,w_9d86594,117
0b2cbfa4c.jpg,w_b3ca4b7,134
5f17896ab.jpg,w_990921b,113
f98a05749.jpg,w_5a2634c,71
1d6ff1e7b.jpg,w_cda3971,158
c99beffb2.jpg,w_5e8e218,74
a7d8bf1ad.jpg,w_12cc52d,15
07837c640.jpg,w_b9e5911,139
1262321e3.jpg,w_f7cd240,195
0197be7fd.jpg,w_2e374c0,38
6d15db192.jpg,w_0135f5f,1
343a93ba9.jpg,w_fd6a3ad,199
8fe3da7e8.jpg,w_af367c3,132
41d561a2d.jpg,w_d066f46,160
b82603e61.jpg,w_9438119,109
6b7edd56a.jpg,w_db68456,168
dfc70ffd6.jpg,w_1ca9ab1,24
fa6ee3eea.jpg,w_db68456,168
fad6a739c.jpg,w_16b5050,19
6d63214f0.jpg,w_ae393cd,130
424689c9d.jpg,w_bf960fa,143
70d484559.jpg,w_f0fe284,187
93ecf1675.jpg,w_8c25681,103
25367b8a5.jpg,w_5597026,63
23cf9151b.jpg,w_7e579dd,95
64ec05373.jpg,w_90c9763,106
82b7870b8.jpg,w_3de579a,48
fcfae449c.jpg,w_ab2ac77,127
303938df6.jpg,w_23a388d,30
1749cf8d7.jpg,w_581ba42,68
bb1f8b557.jpg,w_0cbf1b3,11
6064eff58.jpg,w_f0eddab,186
ba50a7085.jpg,w_3de579a,48
9064db0b4.jpg,w_c0d11da,147
e9b78d99f.jpg,w_b9e5911,139
79428bc04.jpg,w_fd3e556,198
ed27f50cd.jpg,w_9da1811,118
3aa71f2f2.jpg,w_f0fe284,187
d1b09f72e.jpg,w_9c506f6,116
9bd5e4093.jpg,w_60cf87c,76
7f5cb7222.jpg,w_9da1811,118
a41708032.jpg,w_c25d2d1,150
b35007c9f.jpg,w_6cda039,83
a5506f54d.jpg,w_08630fd,6
dea75aa68.jpg,w_6e6307e,85
47f88ae6c.jpg,w_0369a5c,4
95c07f300.jpg,w_d72771c,165
117eff442.jpg,w_f74a89e,193
cef737715.jpg,w_fd3e556,198
6b9bb2564.jpg,w_ae393cd,130
7a60d41c5.jpg,w_03670aa,3
7f9be797b.jpg,w_700ebb4,87
9cff41b01.jpg,w_c25d2d1,150
43d58590e.jpg,w_0b1e4a6,9
9064d5875.jpg,w_f48451c,188
e812f8174.jpg,w_990921b,113
84ea23d35.jpg,w_8c25681,103
a5ebf7b7c.jpg,w_bfe77d0,145
e5e73f102.jpg,w_0b1e4a6,9
2bbfd538c.jpg,w_0369a5c,4
11116ae07.jpg,w_0135f5f,1
47877d568.jpg,w_700ebb4,87
d11174e8b.jpg,w_36bbd71,43
1409b0133.jpg,w_9d86594,117
aaa1d7ba8.jpg,w_0b1e4a6,9
b05092be9.jpg,w_30f2f0f,39
c7373e766.jpg,w_4c07458,57
158c781a5.jpg,w_9c506f6,116
93c197115.jpg,w_51e7506,59
4be97b307.jpg,w_55b77ce,64
f33639f1c.jpg,w_9da1811,118
e271b430b.jpg,w_6e97ef4,86
a447dc6ae.jpg,w_17b0d3a,21
56d956855.jpg,w_e27bbf6,177
d1e4bcc89.jpg,w_51e7506,59
2e230ab8a.jpg,w_12cc52d,15
128b082b7.jpg,w_34120de,40
cbdb2c0d7.jpg,w_6822dbc,80
8c6460e79.jpg,w_e27bbf6,177
1acc3891c.jpg,w_88e4537,99
6a83257d3.jpg,w_bc285a6,140
05d9cc57a.jpg,w_67a9841,79
89bf0987d.jpg,w_30f2f0f,39
a8739451e.jpg,w_9b5109b,115
fd65307c0.jpg,w_0cbf1b3,11
02f250971.jpg,w_23a388d,30
ea925b05b.jpg,w_30f2f0f,39
44c73f2e9.jpg,w_b128587,133
f3f32025d.jpg,w_972e51e,111
77e994ff6.jpg,w_af367c3,132
4eed9e7a1.jpg,w_343f088,41
00537ec91.jpg,w_3879fa0,46
5879d4238.jpg,w_08630fd,6
15b9d86af.jpg,w_b71ac68,136
867b2c11b.jpg,w_3879fa0,46
510604444.jpg,w_b71ac68,136
3f96c987c.jpg,w_488865e,54
8a6144f37.jpg,w_591a2c5,70
8d3640a98.jpg,w_5773c71,66
e869fd969.jpg,w_0369a5c,4
2adf3e32e.jpg,w_733f661,88
0fd184af3.jpg,w_4bf625b,56
ebec16064.jpg,w_789c969,91
61747578d.jpg,w_0369a5c,4
a946ae3c3.jpg,w_83cc0ec,98
ec848ffdf.jpg,w_67a9841,79
a8c360d83.jpg,w_242fb46,31
c82022723.jpg,w_94f41dc,110
64d74fbbe.jpg,w_9c506f6,116
a5644dc6d.jpg,w_4516ff1,51
d0c025463.jpg,w_1ca9ab1,24
078525eaf.jpg,w_e906edd,179
614c737c2.jpg,w_778e474,90
afd0b6456.jpg,w_40a8585,49
a53f22f56.jpg,w_12cc52d,15
454ea4c8d.jpg,w_b3ca4b7,134
b633c4f72.jpg,w_5597026,63
82a3698f5.jpg,w_d980663,166
01f5b5205.jpg,w_59052ad,69
276e38676.jpg,w_c25d2d1,150
984094265.jpg,w_88e4537,99
3a5dfc9b8.jpg,w_16b5050,19
2685cec63.jpg,w_60ce6fc,75
6d9fb3ba6.jpg,w_d72771c,165
3a12c55f7.jpg,w_b3ca4b7,134
1236b667c.jpg,w_7d44896,93
f0109bc35.jpg,w_88e4537,99
b73c7139b.jpg,w_bc285a6,140
b56cfda2c.jpg,w_7e2eb3d,94
f7032f742.jpg,w_4516ff1,51
269048ce1.jpg,w_cd4cb49,157
b4bf04f52.jpg,w_778e474,90
1ea3df0b4.jpg,w_40a8585,49
ce0de3213.jpg,w_57db059,67
5ff37ee82.jpg,w_23a388d,30
bc84b08f1.jpg,w_88e4537,99
6ad776e8c.jpg,w_f602022,189
195805c52.jpg,w_60cf87c,76
fd45d88f8.jpg,w_7d44896,93
41fed9cca.jpg,w_564a34b,65
6dd634a4d.jpg,w_f7cd240,195
f6123925b.jpg,w_f0fe284,187
a17f20cc5.jpg,w_8b86b95,102
02b19e5f2.jpg,w_d72771c,165
551915060.jpg,w_700ebb4,87
444b09aca.jpg,w_60ce6fc,75
16e485a4b.jpg,w_bd1c3d5,141
39e5f0b59.jpg,w_9438119,109
3fb971c6b.jpg,w_aa0dacc,124
7b462c006.jpg,w_343f088,41
594eef588.jpg,w_db68456,168
051a9fba7.jpg,w_c25d2d1,150
dab7a665f.jpg,w_bfe77d0,145
4f6ae6ccb.jpg,w_6cda039,83
43bb255c1.jpg,w_343f088,41
5efaee481.jpg,w_9c506f6,116
ce6ec0042.jpg,w_0887d9b,7
e51e83656.jpg,w_778e474,90
b75579156.jpg,w_5e8e218,74
64a4e8e0a.jpg,w_1ca9ab1,24
997aa3f23.jpg,w_51fc1fc,60
a6f2f36ca.jpg,w_990921b,113
7ee0c373a.jpg,w_cc1784d,156
f5c550525.jpg,w_53215c6,61
5bc03c8ce.jpg,w_cda3971,158
9b203b12e.jpg,w_990921b,113
c4a64d33f.jpg,w_9da1811,118
f7b8c2685.jpg,w_778e474,90
4058afced.jpg,w_b128587,133
ac22cd815.jpg,w_af367c3,132
8460d87f5.jpg,w_f829227,196
5950a8b9e.jpg,w_b3ca4b7,134
78c142d03.jpg,w_659bdb8,78
cdf4c2501.jpg,w_75f6ffa,89
aadbda3b7.jpg,w_cd4cb49,157
ddb292b66.jpg,w_efbdcbc,185
4c3f1721a.jpg,w_df32eec,172
bf10106b5.jpg,w_e2372d6,176
ad83d73e1.jpg,w_3815890,45
b26be26d1.jpg,w_bd1c3d5,141
4623d92d8.jpg,w_a113b33,119
1467eb17c.jpg,w_51fc1fc,60
2d5d412e1.jpg,w_a190a88,120
0ee614bdc.jpg,w_9da1811,118
91a435a8c.jpg,w_40a8585,49
adceba36f.jpg,w_60ce6fc,75
a7836d3ad.jpg,w_26c0ffd,32
9bf17c28f.jpg,w_1b0db58,23
5b45ac53f.jpg,w_700ebb4,87
d0f2ea711.jpg,w_1f0cf0a,26
c3c473adf.jpg,w_4c07458,57
f0b69cfc9.jpg,w_591a2c5,70
f0be42caa.jpg,w_57db059,67
9d123ed9b.jpg,w_f0fe284,187
e9c90fa80.jpg,w_23a388d,30
e4a33b602.jpg,w_3de579a,48
d5c994038.jpg,w_efbdcbc,185
7012c94b8.jpg,w_6caff0f,82
55909c985.jpg,w_025911c,2
69174f6ce.jpg,w_2365d55,29
741c2df4a.jpg,w_4846b27,53
61ad2ad83.jpg,w_0f8b8e2,13
d4350a260.jpg,w_9c506f6,116
e7a425d49.jpg,w_94f41dc,110
8493dc51b.jpg,w_9c506f6,116
0c51473f9.jpg,w_5d5c6a6,73
90ed53864.jpg,w_700ebb4,87
9d5867d41.jpg,w_3b03149,47
7a774a655.jpg,w_ae393cd,130
9d2be2cb6.jpg,w_e27bbf6,177
bc99d13fb.jpg,w_6e97ef4,86
76730b38a.jpg,w_6cda039,83
f972218c0.jpg,w_d405854,161
1c7b11e82.jpg,w_a6a732d,121
78a9dab3f.jpg,w_83cc0ec,98
000a6daec.jpg,w_dd88965,169
ba4598bf9.jpg,w_bc285a6,140
541f95ed3.jpg,w_efbdcbc,185
a23aefa69.jpg,w_8a6a8d5,101
b57048db4.jpg,w_6cda039,83
c0484352f.jpg,w_9a1a810,114
610fee532.jpg,w_2b069ba,34
4e6c0e6da.jpg,w_04003e9,5
590fd3ee0.jpg,w_3b03149,47
b1e325bec.jpg,w_23a388d,30
da3529684.jpg,w_700ebb4,87
d622b5ed3.jpg,w_ab7c369,128
bff556f58.jpg,w_ae8982d,131
c4160ee65.jpg,w_d066f46,160
ebae28fe0.jpg,w_ab7c369,128
b2caf3713.jpg,w_f7cd240,195
2913c4a93.jpg,w_34ecf36,42
b7d6b1276.jpg,w_972e51e,111
aaf65373d.jpg,w_d066f46,160
83ffb4b7a.jpg,w_9b5109b,115
cc09cc9c1.jpg,w_57db059,67
b176e9746.jpg,w_34ecf36,42
5c01d964c.jpg,w_8c25681,103
7a9f119f3.jpg,w_f0fe284,187
9a557dede.jpg,w_15805cd,18
34e29a50e.jpg,w_03670aa,3
07ead5e46.jpg,w_aabdf8c,126
c2d946e1b.jpg,w_3b03149,47
cccd3944c.jpg,w_0cbf1b3,11
fde9b67f0.jpg,w_2b069ba,34
d04d75cb9.jpg,w_1ca9ab1,24
130a66328.jpg,w_4bf625b,56
b2b3f555a.jpg,w_12cc52d,15
4d8214aaa.jpg,w_f0eddab,186
0cb7c7858.jpg,w_16df050,20
53fee1532.jpg,w_c1d2fbe,149
85b6d12bb.jpg,w_4bf625b,56
703ed9cc0.jpg,w_733f661,88
a9d9f3586.jpg,w_6822dbc,80
addac7eb8.jpg,w_ab2ac77,127
926ac006a.jpg,w_e2a09d4,178
66346f2b8.jpg,w_a113b33,119
c173a89dc.jpg,w_cda3971,158
1db0fda46.jpg,w_5a2634c,71
32d1d0d10.jpg,w_f6c5343,192
6a2de0eb2.jpg,w_3de579a,48
44ec79568.jpg,w_2b069ba,34
21bf09514.jpg,w_f61b957,190
f40328013.jpg,w_9b5109b,115
c82d2f74d.jpg,w_fd3e556,198
e25d6d9c3.jpg,w_218fe4a,27
2571a2ace.jpg,w_e966f36,180
35fad8067.jpg,w_98d094e,112
bf14ad737.jpg,w_343f088,41
e0011a372.jpg,w_9438119,109
488d984b2.jpg,w_5e8e218,74
16977eb66.jpg,w_9c506f6,116
86a8a517f.jpg,w_75f6ffa,89
0227a97f7.jpg,w_488865e,54
bbc6c600a.jpg,w_fd3e556,198
858602a7d.jpg,w_88e4537,99
33ea4b5b4.jpg,w_1f0cf0a,26
e9f68cf84.jpg,w_eba33fb,182
22ca7df21.jpg,w_be4f189,142
439867f0f.jpg,w_40a8585,49
9205a391a.jpg,w_94f41dc,110
78d2e44ee.jpg,w_e1ffbe2,175
55ea0207c.jpg,w_16b5050,19
2770b5798.jpg,w_89f6097,100
04448a8ce.jpg,w_5e8e218,74
b82b12215.jpg,w_34120de,40
850838d49.jpg,w_c875e45,153
085ac5123.jpg,w_7e2eb3d,94
023f72c08.jpg,w_f0eddab,186
8faa4c3dc.jpg,w_1b0db58,23
4011f1509.jpg,w_2365d55,29
76b94e2a4.jpg,w_8c25681,103
79f0f7196.jpg,w_9c506f6,116
c695dfcd4.jpg,w_581ba42,68
bd10665bf.jpg,w_f0fe284,187
5a41c0fba.jpg,w_98d094e,112
f81496966.jpg,w_57db059,67
a74b22d29.jpg,w_eba33fb,182
77fd2d6fc.jpg,w_90c9763,106
705d108fa.jpg,w_5e8e218,74
76f1e88fd.jpg,w_343f088,41
339a1dd43.jpg,w_789c969,91
0fac911a2.jpg,w_60cf87c,76
09611f0c5.jpg,w_23a388d,30
b7e5e74a4.jpg,w_990921b,113
e42e348a6.jpg,w_2b65b34,36
677a14d01.jpg,w_51e7506,59
8e7ab5a22.jpg,w_23a388d,30
79c77838d.jpg,w_f48451c,188
6f306b011.jpg,w_ab7c369,128
2f4cb5edd.jpg,w_700ebb4,87
66e41dea0.jpg,w_d066f46,160
2ebeb06fb.jpg,w_581ba42,68
ea85c9304.jpg,w_8a6a8d5,101
fd5f8215b.jpg,w_564a34b,65
bdb41dba8.jpg,w_007fefa,0
6622b7f2c.jpg,w_939423d,108
e3c398766.jpg,w_e1ffbe2,175
0f9172ff7.jpg,w_26c0ffd,32
95e73553e.jpg,w_234713b,28
2fd3a0a61.jpg,w_89f6097,100
5df887439.jpg,w_d72771c,165
2bab774aa.jpg,w_d72771c,165
a570ff362.jpg,w_16df050,20
8bb6ac70c.jpg,w_91cc02c,107
3426b5908.jpg,w_16b5050,19
1a951c7cd.jpg,w_fd6a3ad,199
2e98b95e2.jpg,w_e27bbf6,177
899c0d7fe.jpg,w_c875e45,153
0726d120b.jpg,w_b71ac68,136
913fa9827.jpg,w_e27bbf6,177
ac7cb809a.jpg,w_4c07458,57
71b29f9a5.jpg,w_2b069ba,34
9bf97da50.jpg,w_0a155b9,8
12f1d106c.jpg,w_f6c5343,192
abd48cd4c.jpg,w_5773c71,66
a366853d8.jpg,w_2b069ba,34
f65809612.jpg,w_e1ffbe2,175
80156cbb8.jpg,w_59052ad,69
0af034423.jpg,w_343f088,41
34a75f58c.jpg,w_700ebb4,87
92865e81d.jpg,w_9da1811,118
a7b862ff3.jpg,w_3879fa0,46
5e5592a04.jpg,w_698fcbe,81
3fc601006.jpg,w_488865e,54
822526061.jpg,w_5e8e218,74
ca2b11469.jpg,w_6caff0f,82
6fe7f992c.jpg,w_8f1069a,105
b0b117487.jpg,w_3de579a,48
ef4efba79.jpg,w_8da30ad,104
317a126f4.jpg,w_0369a5c,4
810f4ba12.jpg,w_0887d9b,7
950f1d39e.jpg,w_343f088,41
28e10769e.jpg,w_2df85e7,37
daa5d920f.jpg,w_17b0d3a,21
f62ba9ac4.jpg,w_9da1811,118
54cfc2e29.jpg,w_2365d55,29
e0842c652.jpg,w_51e7506,59
5bc94a72c.jpg,w_6cda039,83
df2afc2c5.jpg,w_08630fd,6
63deb3daf.jpg,w_e2a09d4,178
ac49a1bbf.jpg,w_b128587,133
1aab49def.jpg,w_75f6ffa,89
f20ea5c3a.jpg,w_564a34b,65
f1bd4999c.jpg,w_e27bbf6,177
630f0f209.jpg,w_8b86b95,102
62a5c0e8d.jpg,w_5a2634c,71
b8117e207.jpg,w_bf960fa,143
a74e624c5.jpg,w_b938e96,137
e4d1c6750.jpg,w_025911c,2
d3a51d271.jpg,w_37d2f3a,44
ef5d253df.jpg,w_af367c3,132
e911264d0.jpg,w_fd3e556,198
00fee3975.jpg,w_a9304b9,123
a14c79c10.jpg,w_972e51e,111
114b76b66.jpg,w_1ca9ab1,24
06d0f5102.jpg,w_4bf625b,56
208547b99.jpg,w_aa0dacc,124
1b0b9868c.jpg,w_c6b4d61,151
1d40374cf.jpg,w_2b069ba,34
2ac19e867.jpg,w_23a388d,30
99a37f4d6.jpg,w_5a2634c,71
c38f449cf.jpg,w_f0fe284,187
b7bf7541d.jpg,w_0fdf741,14
398e3a2ab.jpg,w_9b5109b,115
b6f0ef08f.jpg,w_9438119,109
6df79cf3f.jpg,w_b9c99cc,138
bfb1f1b1e.jpg,w_0135f5f,1
afac6c374.jpg,w_fd6a3ad,199
a6dd1b50b.jpg,w_03670aa,3
4c1150745.jpg,w_4516d31,50
b8e0ba826.jpg,w_04003e9,5
30f028b75.jpg,w_9da1811,118
fa8868884.jpg,w_90c9763,106
cec27e4e3.jpg,w_23a388d,30
227717725.jpg,w_26c0ffd,32
6ad0d476d.jpg,w_ae393cd,130
bbf67ea41.jpg,w_4bf625b,56
ef23b47ad.jpg,w_700ebb4,87
d635f4ca4.jpg,w_51fc1fc,60
8d5148dd8.jpg,w_12cc52d,15
3605e929a.jpg,w_4bf625b,56
8c03fde15.jpg,w_7c77c5c,92
1f2744d4f.jpg,w_ab2ac77,127
80ec5f45d.jpg,w_bf960fa,143
6fba2366d.jpg,w_accb0cb,129
12f5ad5a6.jpg,w_0369a5c,4
b13436e6c.jpg,w_eba33fb,182
0ed4c90bc.jpg,w_08630fd,6
e6bfde781.jpg,w_3de579a,48
d35917fc5.jpg,w_e966f36,180
af89877c9.jpg,w_4516ff1,51
4eed9da1b.jpg,w_edce644,183
bcbd5b4bc.jpg,w_30f2f0f,39
0000e88ab.jpg,w_f48451c,188
85f87740e.jpg,w_789c969,91
049202dd2.jpg,w_b3ca4b7,134
18f9ce2f9.jpg,w_23a388d,30
01425e516.jpg,w_581ba42,68
bcdeb1b71.jpg,w_fd3e556,198
320489c61.jpg,w_a8b34a0,122
2354879ce.jpg,w_04003e9,5
8acb4841c.jpg,w_e2a09d4,178
cfaa9994d.jpg,w_778e474,90
6812bb3b5.jpg,w_d72771c,165
e09de70cc.jpg,w_659bdb8,78
afba8b43a.jpg,w_94f41dc,110
558a7db39.jpg,w_cd4cb49,157
1c351b88e.jpg,w_f48451c,188
fc5c296f8.jpg,w_0369a5c,4
84edbd5d3.jpg,w_fd6a3ad,199
e8f54be4a.jpg,w_6822dbc,80
0c9b71747.jpg,w_50fd107,58
b36a2cb4c.jpg,w_e2372d6,176
ac17365b1.jpg,w_c97ad94,154
522897d8b.jpg,w_83a4279,97
0c5537f22.jpg,w_30f2f0f,39
7f75f4c9c.jpg,w_733f661,88
5391283ef.jpg,w_5a2634c,71
87facc0bd.jpg,w_98d094e,112
53293c1ea.jpg,w_6cda039,83
e7b66371a.jpg,w_2365d55,29
0b39157f8.jpg,w_0ee7878,12
15cf6148b.jpg,w_591a2c5,70
dd2b05ed2.jpg,w_7d44896,93
83b05a2f1.jpg,w_5e8e218,74
64e832cf4.jpg,w_f0fe284,187
5cc780f07.jpg,w_343f088,41
f9d114b05.jpg,w_98d094e,112
194b69f92.jpg,w_d494351,162
c64cabd50.jpg,w_3de579a,48
f83576b6e.jpg,w_3815890,45
cd718a734.jpg,w_a9304b9,123
43dfdb004.jpg,w_53feb91,62
5bd06ec6f.jpg,w_4846b27,53
ccee7a1c2.jpg,w_accb0cb,129
3c38a0c7b.jpg,w_6cda039,83
87075fc00.jpg,w_da011a1,167
2b5b929ed.jpg,w_2e374c0,38
6e8f09b5f.jpg,w_c1d2fbe,149
290fa1a19.jpg,w_9a1a810,114
0b92d79c0.jpg,w_fd3e556,198
a3acfda3d.jpg,w_cda3971,158
f17de8e68.jpg,w_789c969,91
7e677468c.jpg,w_4c07458,57
2fc14ca32.jpg,w_8c25681,103
3b8cee01e.jpg,w_bf960fa,143
7fcb6ab12.jpg,w_23a388d,30
c3b2f9f88.jpg,w_3815890,45
3aa9992cc.jpg,w_564a34b,65
8951a26a6.jpg,w_dee1053,171
0ff647d51.jpg,w_1f0cf0a,26
ba3b6ce41.jpg,w_03670aa,3
378017d21.jpg,w_cd4cb49,157
69c87297c.jpg,w_659bdb8,78
008bf89fc.jpg,w_6822dbc,80
63e601c35.jpg,w_4846b27,53
6e46dec13.jpg,w_be4f189,142
8df98d110.jpg,w_23a388d,30
d844da11a.jpg,w_f829227,196
23e0317ea.jpg,w_27597ff,33
06822966b.jpg,w_4846b27,53
bb1e6eb8c.jpg,w_1ca9ab1,24
e76ef67bf.jpg,w_343f088,41
f59e6f817.jpg,w_36bbd71,43
792a67050.jpg,w_23a388d,30
f8f421149.jpg,w_df32eec,172
189d5937b.jpg,w_d066f46,160
1de580f9f.jpg,w_9da1811,118
e9b65a195.jpg,w_bfe77d0,145
bf1eba5c2.jpg,w_007fefa,0
db4600d56.jpg,w_242fb46,31
9bc5fab00.jpg,w_778e474,90
76aa2ece2.jpg,w_8a6a8d5,101
5676e0ce2.jpg,w_2b069ba,34
c239316e9.jpg,w_b3cc7b3,135
f9529f4a8.jpg,w_4516ff1,51
dcc0c1ea2.jpg,w_9b5109b,115
5c1e9e99a.jpg,w_ab2ac77,127
8a7285244.jpg,w_ab7c369,128
b7f834951.jpg,w_8da30ad,104
2bbad75d4.jpg,w_0369a5c,4
37e677fe3.jpg,w_a9304b9,123
c9d67e161.jpg,w_75f6ffa,89
c82ad7e31.jpg,w_17b0d3a,21
697ccabcf.jpg,w_698fcbe,81
28163ee5f.jpg,w_0a155b9,8
ca78cff93.jpg,w_c875e45,153
3315f8346.jpg,w_9438119,109
400b9a569.jpg,w_4846b27,53
655f1f15b.jpg,w_59052ad,69
9ec80de4a.jpg,w_c0d11da,147
e55766fc2.jpg,w_af367c3,132
bc2c487e7.jpg,w_d980663,166
612f4bdc6.jpg,w_6822dbc,80
5528335a0.jpg,w_efbdcbc,185
4f7efdb64.jpg,w_dea40e2,170
382d1b3ba.jpg,w_e966f36,180
fd7c7d248.jpg,w_0135f5f,1
a70ce03c1.jpg,w_b3cc7b3,135
4b13a78b7.jpg,w_40a8585,49
d816ed295.jpg,w_6cda039,83
cf1426619.jpg,w_025911c,2
bdf1cd231.jpg,w_9b5109b,115
3d8d9ddee.jpg,w_f829227,196
3aa633d15.jpg,w_bfe77d0,145
d39ab8a23.jpg,w_a8b34a0,122
3bde9b531.jpg,w_af367c3,132
ae31cb708.jpg,w_8da30ad,104
742a3195d.jpg,w_4a28f21,55
890572afe.jpg,w_fd6a3ad,199
d831d28ee.jpg,w_f0fe284,187
807fbffce.jpg,w_0a155b9,8
25307411b.jpg,w_9b5109b,115
3d5c45078.jpg,w_23a388d,30
633c4416c.jpg,w_4516ff1,51
cd7aff485.jpg,w_51fc1fc,60
1a9c5c970.jpg,w_789c969,91
9c823f33b.jpg,w_b3ca4b7,134
d8f13c4a3.jpg,w_a9304b9,123
b688d1d62.jpg,w_89f6097,100
84b3e2027.jpg,w_12cc52d,15
4c39bca0e.jpg,w_b938e96,137
ac6290ae4.jpg,w_cc1784d,156
1b6b6961a.jpg,w_6e97ef4,86
cb7153d51.jpg,w_db68456,168
dba5ab6f0.jpg,w_59052ad,69
a1513484a.jpg,w_0ee7878,12
d3be53b10.jpg,w_53feb91,62
267c5e560.jpg,w_0a155b9,8
e2d8ed549.jpg,w_939423d,108
f1ed808a4.jpg,w_0887d9b,7
3f91cbbcf.jpg,w_af367c3,132
2e065af3e.jpg,w_5a3e0de,72
4838c8331.jpg,w_cbb15d2,155
13a7495d5.jpg,w_9c506f6,116
95455b7a5.jpg,w_eaed433,181
6c70497aa.jpg,w_8c25681,103
dd023673d.jpg,w_591a2c5,70
d30407bf5.jpg,w_d72771c,165
e632f7a4c.jpg,w_2365d55,29
90ea72310.jpg,w_75f6ffa,89
a25b9f2af.jpg,w_cd4cb49,157
ea0f0c522.jpg,w_51fc1fc,60
13e6c93de.jpg,w_6e209a8,84
c6087a5db.jpg,w_1ca9ab1,24
d6c89fb59.jpg,w_bfcad53,144
edf0b264c.jpg,w_e2372d6,176
251954086.jpg,w_eba33fb,182
550773f24.jpg,w_bfcad53,144
d4630d6fd.jpg,w_b3cc7b3,135
0adaaefda.jpg,w_d066c0a,159
d0db93630.jpg,w_9c506f6,116
b3cf8559f.jpg,w_f602022,189
d323a5828.jpg,w_5a2634c,71
9da969f80.jpg,w_700ebb4,87
df0b86ee7.jpg,w_8c25681,103
5adafc2cf.jpg,w_0ee7878,12
4f4205526.jpg,w_15805cd,18
4761f87f2.jpg,w_8c25681,103
7d0959de5.jpg,w_7c77c5c,92
8ccb065d2.jpg,w_025911c,2
4e5c76d74.jpg,w_e01ca20,173
c74784e88.jpg,w_0bc078c,10
41c978e42.jpg,w_f7cd240,195
30b5dc0b9.jpg,w_bfcad53,144
8f9fd4adb.jpg,w_990921b,113
d1a497010.jpg,w_733f661,88
23acb3957.jpg,w_007fefa,0
fc6a4fc97.jpg,w_c1d2fbe,149
4624dc3d9.jpg,w_12cc52d,15
929cb0fbe.jpg,w_04003e9,5
2ece7cb3d.jpg,w_eba33fb,182
2db0008b6.jpg,w_efbdcbc,185
36337445a.jpg,w_8da30ad,104
e6917eeb7.jpg,w_234713b,28
819980ff5.jpg,w_700ebb4,87
d93ea7ebf.jpg,w_d980663,166
c8a5db596.jpg,w_efbdcbc,185
f318a838c.jpg,w_2b069ba,34
337afba2c.jpg,w_b3cc7b3,135
c05ae6bf0.jpg,w_9c506f6,116
cb3689ea5.jpg,w_ef83760,184
627dd7a49.jpg,w_5597026,63
229bf3faf.jpg,w_17b0d3a,21
649733b79.jpg,w_55b77ce,64
3d017af02.jpg,w_3de579a,48
f68142a1e.jpg,w_488865e,54
4736f6240.jpg,w_e2372d6,176
38df4000e.jpg,w_b3cc7b3,135
a98a8dcb5.jpg,w_dea40e2,170
eb12a83ea.jpg,w_a190a88,120
9147c46b0.jpg,w_f6c5343,192
bdbc925bb.jpg,w_9d86594,117
2f0b71e98.jpg,w_778e474,90
e7d01199a.jpg,w_d72771c,165
af8d5b6d7.jpg,w_d494351,162
00570db6b.jpg,w_9c506f6,116
8ae522c1b.jpg,w_57db059,67
d59203759.jpg,w_75f6ffa,89
d2afdd82f.jpg,w_3de579a,48
d328a3d97.jpg,w_f0fe284,187
5fa077c35.jpg,w_fd3e556,198
c21492276.jpg,w_1f0cf0a,26
4f178ec06.jpg,w_3815890,45
4135b867e.jpg,w_83cc0ec,98
2b5c10c88.jpg,w_5773c71,66
d7a8db8b4.jpg,w_f765256,194
ab481a192.jpg,w_2365d55,29
f66a7c2a3.jpg,w_242fb46,31
e75fffc96.jpg,w_2df85e7,37
5117e04c0.jpg,w_b3ca4b7,134
ffef89eed.jpg,w_9c506f6,116
29b3e8e9e.jpg,w_59052ad,69
bbc3e2a82.jpg,w_50fd107,58
ad11782c0.jpg,w_a113b33,119
2b19c92e6.jpg,w_15805cd,18
dbc79d788.jpg,w_fd6a3ad,199
5d74cf6df.jpg,w_36bbd71,43
82f1ebde0.jpg,w_a8b34a0,122
287084eac.jpg,w_659bdb8,78
3394c2f91.jpg,w_789c969,91
6d46ed5b8.jpg,w_700ebb4,87
f362b4aac.jpg,w_fd3e556,198
a728123bd.jpg,w_bfcad53,144
8b4685c68.jpg,w_d405854,161
dd36cbfd2.jpg,w_23a388d,30
a96090c67.jpg,w_59052ad,69
cb027b453.jpg,w_5773c71,66
b1a97ef49.jpg,w_007fefa,0
99bd7bfda.jpg,w_b938e96,137
18a618c6b.jpg,w_f0eddab,186
44cd30b4c.jpg,w_51fc1fc,60
2bcc8ebf2.jpg,w_3b03149,47
a60e85f4d.jpg,w_8c25681,103
538eb9102.jpg,w_3de579a,48
f3442ed47.jpg,w_9c506f6,116
3885f5f58.jpg,w_2b069ba,34
6045575a7.jpg,w_6e97ef4,86
c29a8434c.jpg,w_6822dbc,80
2b87cebfe.jpg,w_e07b79f,174
4f04a558d.jpg,w_b71ac68,136
b29a71903.jpg,w_3879fa0,46
893c35a9a.jpg,w_2365d55,29
5e3c3eece.jpg,w_4516ff1,51
0efc3e1e9.jpg,w_cbb15d2,155
3fd1df9b0.jpg,w_564a34b,65
ca66f092a.jpg,w_51fc1fc,60
3f5eeb981.jpg,w_8c25681,103
a2f8ca3b7.jpg,w_30f2f0f,39
18f817e48.jpg,w_04003e9,5
c14e06a14.jpg,w_778e474,90
f93d5b4e4.jpg,w_e01ca20,173
d9e958ed9.jpg,w_564a34b,65
5721fd7e5.jpg,w_af367c3,132
175374a41.jpg,w_fd3e556,198
43caab2b3.jpg,w_f0fe284,187
07b0f9cc8.jpg,w_91cc02c,107
daef63efc.jpg,w_cc1784d,156
2bb6512f8.jpg,w_62c78f3,77
2ac595429.jpg,w_d405854,161
d94423ec0.jpg,w_9d86594,117
cb8a87bc8.jpg,w_edce644,183
d7ce58d6e.jpg,w_27597ff,33
faa6859de.jpg,w_0bc078c,10
be22eb838.jpg,w_8da30ad,104
e62cd8b58.jpg,w_08630fd,6
b3742429c.jpg,w_57db059,67
d778e9073.jpg,w_51fc1fc,60
50a292567.jpg,w_3815890,45
a11dbb881.jpg,w_34120de,40
fd8b3793e.jpg,w_62c78f3,77
ed11813d6.jpg,w_60ce6fc,75
aae582238.jpg,w_59052ad,69
626392399.jpg,w_9b5109b,115
27cfb492a.jpg,w_488865e,54
c2bb588a1.jpg,w_5e8e218,74
26cc5c3de.jpg,w_59052ad,69
dcfc09a9b.jpg,w_698fcbe,81
13f0ebecb.jpg,w_ab7c369,128
c1d59f8da.jpg,w_242fb46,31
6aa72317e.jpg,w_88e4537,99
cbd88a140.jpg,w_191bce3,22
d97e738a3.jpg,w_cbb15d2,155
ad100e8ef.jpg,w_ae393cd,130
85332a7b4.jpg,w_025911c,2
9eda272f5.jpg,w_e01ca20,173
303cbcbf6.jpg,w_ae8982d,131
82aab5924.jpg,w_ab7c369,128
eb1fc99f2.jpg,w_700ebb4,87
c939ba608.jpg,w_d573a68,163
564949b0f.jpg,w_91cc02c,107
235f9c7ab.jpg,w_f0fe284,187
3fe4ef144.jpg,w_51fc1fc,60
1f98e33fe.jpg,w_2b65b34,36
bb2c265fa.jpg,w_9c506f6,116
808088a49.jpg,w_488865e,54
1db209fa3.jpg,w_6e6307e,85
5b5a6d557.jpg,w_dee1053,171
379e2ac24.jpg,w_88e4537,99
a2032a101.jpg,w_6e6307e,85
6c6d5d7a4.jpg,w_23a388d,30
b37ff32ac.jpg,w_f61b957,190
ac50d12e9.jpg,w_b9e5911,139
803515118.jpg,w_f765256,194
240368f0c.jpg,w_db68456,168
7f28d6961.jpg,w_60cf87c,76
9c88e1f32.jpg,w_698fcbe,81
ffe52d320.jpg,w_bc285a6,140
85672d922.jpg,w_f61b957,190
d5e9f643a.jpg,w_16df050,20
b324fa720.jpg,w_bfe77d0,145
b82543012.jpg,w_6e209a8,84
1aa6dbadf.jpg,w_bfe77d0,145
8a8d3bda3.jpg,w_8a6a8d5,101
7b2805b8d.jpg,w_c25d2d1,150
9442250e2.jpg,w_c97ad94,154
7ae6322bd.jpg,w_e2a09d4,178
bd3ba5e32.jpg,w_b3ca4b7,134
679a11a7d.jpg,w_6e97ef4,86
d6e3f6221.jpg,w_5597026,63
7da7f8bb9.jpg,w_3de579a,48
9bc90bb31.jpg,w_40a8585,49
82b8b6aa0.jpg,w_a6a732d,121
3669a356a.jpg,w_5a3e0de,72
7081b2cbb.jpg,w_4516d31,50
58181f87e.jpg,w_13aa123,16
75f13f76e.jpg,w_ab7c369,128
4932b7456.jpg,w_5e8e218,74
8a0a847bf.jpg,w_27597ff,33
6b049fd9e.jpg,w_939423d,108
125869ae7.jpg,w_8c25681,103
9d7e111ce.jpg,w_fd3e556,198
f4eabaf0e.jpg,w_d573a68,163
f7921867a.jpg,w_27597ff,33
670d308f6.jpg,w_8c25681,103
be530a871.jpg,w_6caff0f,82
5003d7331.jpg,w_0fdf741,14
77d8f3fe9.jpg,w_5a3e0de,72
78eae4d5d.jpg,w_aabdf8c,126
5549b0d9a.jpg,w_53215c6,61
b5269b15f.jpg,w_5e8e218,74
a3e33a804.jpg,w_60ce6fc,75
8e9cd366c.jpg,w_c6fe966,152
e46f88b1f.jpg,w_17b0d3a,21
40db5247a.jpg,w_191bce3,22
af7045a07.jpg,w_eba33fb,182
cd650e905.jpg,w_007fefa,0
cb251f343.jpg,w_e07b79f,174
468f5adfc.jpg,w_6cda039,83
d01067fe9.jpg,w_75f6ffa,89
1f336b396.jpg,w_778e474,90
20113607f.jpg,w_5a2634c,71
a45d6d1f0.jpg,w_9c506f6,116
9fc84d2ae.jpg,w_f48451c,188
02b4351c8.jpg,w_51e7506,59
2b6085d9c.jpg,w_2b069ba,34
217a64e1c.jpg,w_75f6ffa,89
276da5deb.jpg,w_fd6a3ad,199
d2be4ec2e.jpg,w_5773c71,66
a2d198146.jpg,w_91cc02c,107
903476170.jpg,w_2b4b82e,35
cb895752b.jpg,w_53215c6,61
88ba1525a.jpg,w_e07b79f,174
71f3d86b6.jpg,w_025911c,2
001cae55b.jpg,w_581ba42,68
31e46ee49.jpg,w_c25d2d1,150
760ce9c33.jpg,w_aabdf8c,126
cfef9276f.jpg,w_88e4537,99
9eeb016f8.jpg,w_778e474,90
5872eadc8.jpg,w_67a9841,79
124913ed3.jpg,w_f7cd240,195
ccb098021.jpg,w_488865e,54
83d05c936.jpg,w_37d2f3a,44
5acff0e15.jpg,w_f0fe284,187
2f0653c09.jpg,w_b128587,133
a6e02dfd4.jpg,w_a9304b9,123
441caedd6.jpg,w_2365d55,29
ec2e57eac.jpg,w_34120de,40
3d03c4d64.jpg,w_ab7c369,128
7308f370d.jpg,w_3b03149,47
716f109e1.jpg,w_12cc52d,15
f4628b9de.jpg,w_04003e9,5
54cf1e896.jpg,w_5e8e218,74
eb3597dec.jpg,w_f61b957,190
c4b9a1050.jpg,w_234713b,28
bb937e61e.jpg,w_b9c99cc,138
436a2e109.jpg,w_08630fd,6
b767c3d15.jpg,w_8c25681,103
b83b1103a.jpg,w_9c506f6,116
ca2db876c.jpg,w_2b069ba,34
c6eb0b9dd.jpg,w_83a4279,97
59f1dcb97.jpg,w_b9c99cc,138
273a13b02.jpg,w_67a9841,79
a2de940e9.jpg,w_6cda039,83
f2785a667.jpg,w_40a8585,49
2617ff5c7.jpg,w_cc1784d,156
6e6b5f889.jpg,w_6822dbc,80
93ab56312.jpg,w_5597026,63
3cd828778.jpg,w_9c506f6,116
77fae8d38.jpg,w_accb0cb,129
422e1b58c.jpg,w_16df050,20
8eb5c001d.jpg,w_789c969,91
550b7eb5a.jpg,w_0b1e4a6,9
a3b9e8305.jpg,w_c1d2fbe,149
86f19621f.jpg,w_234713b,28
13ec3b608.jpg,w_0887d9b,7
91a56fa0e.jpg,w_0bc078c,10
4696b53f7.jpg,w_17b0d3a,21
1a59c266b.jpg,w_581ba42,68
802681c94.jpg,w_3de579a,48
81027efba.jpg,w_6822dbc,80
1ec863e20.jpg,w_c16cb2c,148
b86d244ec.jpg,w_da011a1,167
3f4872061.jpg,w_8003858,96
aefc4a406.jpg,w_0f8b8e2,13
3d2886169.jpg,w_5a2634c,71
44016c19d.jpg,w_6caff0f,82
fd6067a4e.jpg,w_c97ad94,154
cc7b82954.jpg,w_025911c,2
b4ca0013e.jpg,w_26c0ffd,32
01affda48.jpg,w_c875e45,153
b70958f47.jpg,w_9b5109b,115
275a8cb1e.jpg,w_b9e5911,139
9f2c07f35.jpg,w_c0d11da,147
7d554c803.jpg,w_60cf87c,76
cfa32fb80.jpg,w_dd88965,169
4431bc776.jpg,w_2365d55,29
7c74186f5.jpg,w_343f088,41
8c64c685a.jpg,w_6e6307e,85
12ea26f6b.jpg,w_a8b34a0,122
7677ef3c5.jpg,w_88e4537,99
e7f38546d.jpg,w_c16cb2c,148
3c08f5eda.jpg,w_2b069ba,34
247285a8d.jpg,w_234713b,28
96b83ed11.jpg,w_9b5109b,115
2c2ae6eee.jpg,w_60ce6fc,75
655c0cd09.jpg,w_4bf625b,56
9758fee2d.jpg,w_aa0dacc,124
4526046ed.jpg,w_f61b957,190
9dd6a3f46.jpg,w_c01c1f4,146
d2d047631.jpg,w_c01c1f4,146
f0028a2f5.jpg,w_789c969,91
c4be68ad5.jpg,w_f602022,189
fac003725.jpg,w_e01ca20,173
948e6400e.jpg,w_3de579a,48
8cfcac09c.jpg,w_fd3e556,198
ae4b997a9.jpg,w_5a2634c,71
449c708d3.jpg,w_60ce6fc,75
6650aaa8b.jpg,w_efbdcbc,185
494e922c9.jpg,w_1ca9ab1,24
bf64daaf2.jpg,w_564a34b,65
9a87e9e7d.jpg,w_698fcbe,81
e67ec3116.jpg,w_0fdf741,14
61dde2884.jpg,w_700ebb4,87
28bcedaff.jpg,w_8f1069a,105
5dade3ee3.jpg,w_17b0d3a,21
eea6ae9bc.jpg,w_f765256,194
7d308e8d4.jpg,w_5a3e0de,72
016791b76.jpg,w_f74a89e,193
13e6f3e37.jpg,w_37d2f3a,44
19a81076c.jpg,w_b938e96,137
0a5d8f6f5.jpg,w_16df050,20
0c61ff085.jpg,w_bfcad53,144
771215fdd.jpg,w_8a6a8d5,101
45f3c801d.jpg,w_cd4cb49,157
471e75940.jpg,w_700ebb4,87
74ce64b9d.jpg,w_5e8e218,74
7845b7ad8.jpg,w_fd3e556,198
4686f6a46.jpg,w_fd3e556,198
77738baf5.jpg,w_0369a5c,4
e477a1248.jpg,w_51fc1fc,60
d798eef57.jpg,w_2b069ba,34
cb4b4eb06.jpg,w_55b77ce,64
129553b18.jpg,w_b9e5911,139
a71ed783f.jpg,w_53215c6,61
61d1fe1af.jpg,w_e2a09d4,178
fa810fab3.jpg,w_fd6a3ad,199
b65177518.jpg,w_1d532b4,25
ad853dded.jpg,w_34ecf36,42
778524ef9.jpg,w_698fcbe,81
b24212c44.jpg,w_5d5c6a6,73
abf3a38e2.jpg,w_a6a732d,121
848acc823.jpg,w_60ce6fc,75
d43a9a8ee.jpg,w_34ecf36,42
03b6593e9.jpg,w_23a388d,30
697edaf1d.jpg,w_2b069ba,34
61f59912b.jpg,w_f74a89e,193
51fe93fb2.jpg,w_e01ca20,173
2385c8427.jpg,w_91cc02c,107
527cd75e6.jpg,w_a9304b9,123
f0ec5f390.jpg,w_0bc078c,10
de996b66a.jpg,w_98d094e,112
a8c74baa2.jpg,w_bf960fa,143
74e611f3c.jpg,w_d066f46,160
634cd019c.jpg,w_9c506f6,116
93ee3c598.jpg,w_30f2f0f,39
9b638ad75.jpg,w_e2372d6,176
382323730.jpg,w_23a388d,30
6d6731bbb.jpg,w_d405854,161
04e99f9d1.jpg,w_939423d,108
fddbe1a72.jpg,w_14330a0,17
1cf84a50b.jpg,w_4516d31,50
49ee99a58.jpg,w_50fd107,58
f7ce9af56.jpg,w_dee1053,171
f8525b717.jpg,w_564a34b,65
e2bc464c2.jpg,w_6caff0f,82
47d1582fc.jpg,w_34ecf36,42
25952dfb5.jpg,w_7e2eb3d,94
d36755c08.jpg,w_b128587,133
5537f20a2.jpg,w_eba33fb,182
7be9c59f8.jpg,w_90c9763,106
d634d04aa.jpg,w_51fc1fc,60
5a1ebb56b.jpg,w_23a388d,30
502e646c1.jpg,w_d066c0a,159
1268ef193.jpg,w_7c77c5c,92
6e42ecb6f.jpg,w_5e8e218,74
35a653e6f.jpg,w_778e474,90
8204836e2.jpg,w_af367c3,132
44f592378.jpg,w_9c506f6,116
90df5d26d.jpg,w_191bce3,22
affa934af.jpg,w_53feb91,62
596f341e5.jpg,w_234713b,28
7575c6146.jpg,w_e966f36,180
0829ae94e.jpg,w_04003e9,5
72d78f3eb.jpg,w_08630fd,6
18cf89a6f.jpg,w_0887d9b,7
eec64c659.jpg,w_0bc078c,10
b08a84faa.jpg,w_9da1811,118
a33407096.jpg,w_0a155b9,8
5271b2ccd.jpg,w_b3ca4b7,134
97a91e5ef.jpg,w_343f088,41
2db7bf884.jpg,w_9d86594,117
faf42b9c6.jpg,w_03670aa,3
43393208a.jpg,w_15805cd,18
0ef2705ec.jpg,w_13aa123,16
f9427c75f.jpg,w_e27bbf6,177
8aca1060a.jpg,w_88e4537,99
3d8524534.jpg,w_6e6307e,85
fd921dde4.jpg,w_d72771c,165
4574e9463.jpg,w_55b77ce,64
901b70cb6.jpg,w_67a9841,79
ac8f4c811.jpg,w_564a34b,65
8a9eb3fa3.jpg,w_edce644,183
477bcf0f1.jpg,w_d573a68,163
c480b0829.jpg,w_0a155b9,8
2a8f8289f.jpg,w_55b77ce,64
966400cc4.jpg,w_ef83760,184
2d06946f9.jpg,w_17b0d3a,21
87b834b58.jpg,w_bfcad53,144
22fc9b132.jpg,w_a9304b9,123
0f309b345.jpg,w_4a28f21,55
9691a2d32.jpg,w_972e51e,111
db1dd87e9.jpg,w_a190a88,120
6ebaf9d1b.jpg,w_df32eec,172
3af40166d.jpg,w_e1ffbe2,175
f36ec15ff.jpg,w_1b0db58,23
dfe347181.jpg,w_0ee7878,12
be52b468f.jpg,w_fd3e556,198
536b3aeaa.jpg,w_efbdcbc,185
62474fd59.jpg,w_1d532b4,25
5e94e246f.jpg,w_c875e45,153
3f7010135.jpg,w_5a2634c,71
d5551f265.jpg,w_03670aa,3
db1f8e748.jpg,w_6822dbc,80
20ba6a9af.jpg,w_d588fb4,164
efa841156.jpg,w_50fd107,58
dc0f310c3.jpg,w_0cbf1b3,11
6d96ef90c.jpg,w_dd88965,169
c669a3706.jpg,w_700ebb4,87
7f3bb4773.jpg,w_990921b,113
2fb1c1b90.jpg,w_83a4279,97
c59513cd7.jpg,w_8da30ad,104
abdecad3c.jpg,w_60cf87c,76
972c1e5a1.jpg,w_27597ff,33
e8fc70a43.jpg,w_488865e,54
3a9a7c98d.jpg,w_0a155b9,8
047f23339.jpg,w_9b5109b,115
a37ab2a3f.jpg,w_cc1784d,156
94d4c88f4.jpg,w_789c969,91
8116db041.jpg,w_c97ad94,154
e97bd5dac.jpg,w_d405854,161
6753501e1.jpg,w_aa0dacc,124
8cb442ee3.jpg,w_0887d9b,7
dd8b893a1.jpg,w_4c07458,57
35ab394d2.jpg,w_d72771c,165
f90d5f362.jpg,w_6822dbc,80
8d62f3aa5.jpg,w_8a6a8d5,101
433deb72b.jpg,w_b3cc7b3,135
ab09d2ec8.jpg,w_9b5109b,115
bafa47564.jpg,w_03670aa,3
767b2b9cd.jpg,w_4516ff1,51
472fc49d1.jpg,w_d066f46,160
8c96b5858.jpg,w_4516ff1,51
a80c1ea6e.jpg,w_e2a09d4,178
461bf48f4.jpg,w_4bf625b,56
5b64d5f31.jpg,w_94f41dc,110
d3f6762be.jpg,w_89f6097,100
f70fd577e.jpg,w_5773c71,66
3e176c550.jpg,w_c6fe966,152
dae6e3bd7.jpg,w_23a388d,30
5a4661384.jpg,w_4690940,52
b6ad10581.jpg,w_a9304b9,123
f3bfd6c2e.jpg,w_26c0ffd,32
d92733d0f.jpg,w_f765256,194
9c4a45ee6.jpg,w_fd6a3ad,199
e83a85f4c.jpg,w_6e209a8,84
ad7e97517.jpg,w_5a2634c,71
57f179c66.jpg,w_5a3e0de,72
339d62b76.jpg,w_9a1a810,114
57fab41e5.jpg,w_0bc078c,10
f3855172c.jpg,w_bd1c3d5,141
3b24e0a2d.jpg,w_da011a1,167
262ce8732.jpg,w_8f1069a,105
fdbd1743e.jpg,w_b9c99cc,138
2050717f2.jpg,w_9d86594,117
9f6db48cd.jpg,w_778e474,90
a8151fe7c.jpg,w_4690940,52
ec695e9ea.jpg,w_8c25681,103
49d05c131.jpg,w_564a34b,65
d0524533d.jpg,w_fd6a3ad,199
e6010e078.jpg,w_a9304b9,123
85e9f9783.jpg,w_0369a5c,4
991b8ffc8.jpg,w_0887d9b,7
f5d4b523b.jpg,w_91cc02c,107
12ea69783.jpg,w_12cc52d,15
772734376.jpg,w_60ce6fc,75
a3880658b.jpg,w_13aa123,16
366cfc070.jpg,w_88e4537,99
7c9fdf056.jpg,w_aabdf8c,126
2c36f0bfe.jpg,w_60ce6fc,75
67e3cdee7.jpg,w_343f088,41
ed35fe45f.jpg,w_7c77c5c,92
9c6ecde72.jpg,w_75f6ffa,89
fc505b1fe.jpg,w_2b069ba,34
394feba2f.jpg,w_d573a68,163
d9b8caebd.jpg,w_d980663,166
3d69a3025.jpg,w_6e97ef4,86
3d3530433.jpg,w_37d2f3a,44
bba83e70d.jpg,w_8a6a8d5,101
f73e133a3.jpg,w_700ebb4,87
4cbf580f9.jpg,w_eaed433,181
a8eb2cd8c.jpg,w_c6fe966,152
f20157e5a.jpg,w_d588fb4,164
3833dd9ab.jpg,w_a9304b9,123
49bf4801c.jpg,w_f829227,196
5df8b0e34.jpg,w_f0fe284,187
27ba4ba60.jpg,w_2b4b82e,35
b0ddf518d.jpg,w_0bc078c,10
267df3294.jpg,w_d72771c,165
2c62c3ecf.jpg,w_6822dbc,80
ef9efd19e.jpg,w_b9c99cc,138
439952c10.jpg,w_fccccec,197
4104a16ce.jpg,w_f829227,196
4d0d2b77a.jpg,w_ae393cd,130
1f7adf76c.jpg,w_0887d9b,7
9b25070c9.jpg,w_ef83760,184
64c977440.jpg,w_b3ca4b7,134
046332912.jpg,w_778e474,90
009589b45.jpg,w_bc285a6,140
32533a7fb.jpg,w_4846b27,53
cd8852f52.jpg,w_fd6a3ad,199
3493300c9.jpg,w_ae8982d,131
61b650708.jpg,w_f6c5343,192
473164eae.jpg,w_bd1c3d5,141
5a122bd98.jpg,w_700ebb4,87
7f5dde0c7.jpg,w_789c969,91
913e4be17.jpg,w_2b069ba,34
a7f365104.jpg,w_dee1053,171
0779b9586.jpg,w_fd3e556,198
a1270b8cc.jpg,w_23a388d,30
71cb906fd.jpg,w_60cf87c,76
8c39358b7.jpg,w_53215c6,61
174b35e73.jpg,w_30f2f0f,39
4ea1bbd63.jpg,w_343f088,41
4977df65a.jpg,w_0f8b8e2,13
c24883f3f.jpg,w_a113b33,119
8de6a8490.jpg,w_e2a09d4,178
e01aed61a.jpg,w_60ce6fc,75
6757a3c43.jpg,w_cc1784d,156
5b3f38dc8.jpg,w_b128587,133
f7fc58a25.jpg,w_af367c3,132
b1a071959.jpg,w_6cda039,83
3ced63ca9.jpg,w_c01c1f4,146
9172d9eab.jpg,w_343f088,41
9c21ec805.jpg,w_bfcad53,144
bab4d252a.jpg,w_778e474,90
80dff8918.jpg,w_0135f5f,1
01917b508.jpg,w_4846b27,53
65b0e47ec.jpg,w_e01ca20,173
c447ce8fc.jpg,w_1f0cf0a,26
cad98076d.jpg,w_5a2634c,71
303af19d7.jpg,w_8c25681,103
1b1a4668e.jpg,w_ae393cd,130
848d19e1c.jpg,w_c16cb2c,148
19d7f16f0.jpg,w_f6c5343,192
32a34a3ec.jpg,w_191bce3,22
511d9b173.jpg,w_c16cb2c,148
cf5ecebd0.jpg,w_d980663,166
8c50ecf42.jpg,w_0135f5f,1
0e8a0188a.jpg,w_c6b4d61,151
26431666c.jpg,w_e1ffbe2,175
38846a10b.jpg,w_edce644,183
972893a51.jpg,w_23a388d,30
04a2d7b74.jpg,w_c875e45,153
2faa5d89d.jpg,w_f6c5343,192
6eff46d98.jpg,w_60ce6fc,75
342ed352c.jpg,w_bc285a6,140
64e100cfe.jpg,w_d066c0a,159
0fc2aa8c9.jpg,w_488865e,54
0ffc48fd2.jpg,w_4516ff1,51
51729898a.jpg,w_6caff0f,82
c3753fbe1.jpg,w_d573a68,163
0d94bdad3.jpg,w_3de579a,48
adbcb800d.jpg,w_9a1a810,114
1ab5c3713.jpg,w_fd3e556,198
da5897c15.jpg,w_bd1c3d5,141
0e7a46a3a.jpg,w_7e2eb3d,94
ab45de9af.jpg,w_8c25681,103
7798cad6e.jpg,w_778e474,90
57046b980.jpg,w_972e51e,111
723d4f08e.jpg,w_3879fa0,46
810e013bd.jpg,w_be4f189,142
da6373006.jpg,w_a113b33,119
be01662cb.jpg,w_c6b4d61,151
bd22cbbb2.jpg,w_3de579a,48
1e29532df.jpg,w_9c506f6,116
a1faac878.jpg,w_67a9841,79
7615831ce.jpg,w_16b5050,19
1081c2d70.jpg,w_7e579dd,95
99c282c4d.jpg,w_6caff0f,82
5b14cb0d0.jpg,w_9c506f6,116
fe38d5e6d.jpg,w_27597ff,33
36b9b14bf.jpg,w_6e97ef4,86
7ca718e15.jpg,w_191bce3,22
42f3997ec.jpg,w_c25d2d1,150
fd7ee9b61.jpg,w_9b5109b,115
ccfd02948.jpg,w_d72771c,165
cb3b073b0.jpg,w_9da1811,118
3d79cf9f3.jpg,w_2df85e7,37
8849feb4c.jpg,w_4c07458,57
f6321c36a.jpg,w_88e4537,99
6b9f88588.jpg,w_0887d9b,7
3d19e22cd.jpg,w_218fe4a,27
125c6370c.jpg,w_a6a732d,121
c55866e2f.jpg,w_5e8e218,74
10e1a825e.jpg,w_bfcad53,144
13cd15ee1.jpg,w_16df050,20
a610046fd.jpg,w_a9304b9,123
ad69b9714.jpg,w_6cda039,83
35d796c00.jpg,w_0fdf741,14
7410dbdef.jpg,w_f66ec54,191
3832aae71.jpg,w_5773c71,66
8584d446e.jpg,w_59052ad,69
022b803eb.jpg,w_1ca9ab1,24
bd6094397.jpg,w_fd3e556,198
d4d5d021c.jpg,w_0fdf741,14
806d85624.jpg,w_f0eddab,186
beb52d9f4.jpg,w_88e4537,99
0704cc0a7.jpg,w_a190a88,120
e2a0a5cc5.jpg,w_218fe4a,27
7cdf4a0c2.jpg,w_4516ff1,51
3bfada2d2.jpg,w_88e4537,99
dca030b3a.jpg,w_98d094e,112
2ed34d766.jpg,w_8c25681,103
4b6831b73.jpg,w_3de579a,48
1eccb4eba.jpg,w_007fefa,0
0052ce2f5.jpg,w_2365d55,29
c4db5c4ac.jpg,w_bd1c3d5,141
54fa760c1.jpg,w_c01c1f4,146
550f4cbe5.jpg,w_5e8e218,74
4d5d6461e.jpg,w_564a34b,65
655e5b607.jpg,w_9438119,109
7dda85fa3.jpg,w_23a388d,30
dd7a44da8.jpg,w_0f8b8e2,13
006500b3d.jpg,w_a8b34a0,122
9201eada4.jpg,w_f765256,194
1ae99f0c3.jpg,w_4516ff1,51
031b6c2c4.jpg,w_bc285a6,140
6ef8c7049.jpg,w_700ebb4,87
43579e1fe.jpg,w_2b65b34,36
fe7a2b654.jpg,w_3de579a,48
bc445bfc6.jpg,w_17b0d3a,21
7bb433961.jpg,w_0fdf741,14
360c25b2b.jpg,w_83cc0ec,98
7dadaa49f.jpg,w_d573a68,163
f1d126d4d.jpg,w_581ba42,68
6d1adfcb3.jpg,w_8da30ad,104
2e5cf6ca3.jpg,w_60ce6fc,75
c94aa3f69.jpg,w_f61b957,190
3073d859e.jpg,w_af367c3,132
b54da4bf3.jpg,w_5a3e0de,72
8bdec57b5.jpg,w_5e8e218,74
f84e01a03.jpg,w_2df85e7,37
4c19af401.jpg,w_bfcad53,144
23e740b76.jpg,w_b9e5911,139
7215b4a12.jpg,w_581ba42,68
881deb673.jpg,w_14330a0,17
b3d30949c.jpg,w_f765256,194
e202c4c10.jpg,w_3de579a,48
f94bc6e92.jpg,w_f829227,196
66313378e.jpg,w_6caff0f,82
4ff2cc2ca.jpg,w_fd6a3ad,199
e6c492856.jpg,w_4a28f21,55
9db59ed83.jpg,w_6822dbc,80
325076e4a.jpg,w_e07b79f,174
602ae4079.jpg,w_5d5c6a6,73
484518aed.jpg,w_17b0d3a,21
cb13469f1.jpg,w_591a2c5,70
df875a56e.jpg,w_98d094e,112
48e4aabe9.jpg,w_4bf625b,56
3e5675441.jpg,w_efbdcbc,185
328642655.jpg,w_f765256,194
5a8caa94c.jpg,w_8b86b95,102
70a80c2fc.jpg,w_4516ff1,51
6ad448ad7.jpg,w_007fefa,0
af5646a49.jpg,w_9b5109b,115
d6d05f689.jpg,w_c6fe966,152
0e88d825e.jpg,w_aa0dacc,124
d3c26d949.jpg,w_dea40e2,170
d4b92316c.jpg,w_2b069ba,34
a61b7a479.jpg,w_c6b4d61,151
4f7b7ce5c.jpg,w_36bbd71,43
faf1ae75f.jpg,w_c0d11da,147
712fc66f5.jpg,w_9b5109b,115
f726c94fc.jpg,w_2b069ba,34
07c035b2b.jpg,w_8a6a8d5,101
e6805d6d3.jpg,w_f765256,194
64fc5e880.jpg,w_04003e9,5
98f8edb4d.jpg,w_e2a09d4,178
78cbd2710.jpg,w_c25d2d1,150
9984d6765.jpg,w_eaed433,181
394230154.jpg,w_d405854,161
01c602e06.jpg,w_dd88965,169
3bb1b5906.jpg,w_2365d55,29
36e4eac56.jpg,w_83a4279,97
2949b6643.jpg,w_90c9763,106
20d8a239b.jpg,w_e1ffbe2,175
585887556.jpg,w_accb0cb,129
f48e3a5c0.jpg,w_6822dbc,80
3f22b5160.jpg,w_c25d2d1,150
ade0992ef.jpg,w_fccccec,197
e71603398.jpg,w_91cc02c,107
2c74aea1c.jpg,w_62c78f3,77
7abbdf3cc.jpg,w_53feb91,62
d19e57b2b.jpg,w_2e374c0,38
542f7098e.jpg,w_accb0cb,129
63478959b.jpg,w_0369a5c,4
16b9f6f8f.jpg,w_eba33fb,182
6a744f6d8.jpg,w_1ca9ab1,24
2e3e286e6.jpg,w_9b5109b,115
94c00920b.jpg,w_51e7506,59
a5b093aa2.jpg,w_27597ff,33
04ccad4df.jpg,w_6caff0f,82
2aea3c3da.jpg,w_242fb46,31
2ca3c31d3.jpg,w_2b069ba,34
1783ad1c3.jpg,w_17b0d3a,21
d4dd371d1.jpg,w_9c506f6,116
6a38cb717.jpg,w_4516d31,50
bb513d28b.jpg,w_59052ad,69
c679073c0.jpg,w_c97ad94,154
78b6ecb10.jpg,w_8003858,96
c3f802865.jpg,w_733f661,88
c1c96e49b.jpg,w_da011a1,167
6657fc566.jpg,w_d573a68,163
c7c282555.jpg,w_5a3e0de,72
22021f433.jpg,w_da011a1,167
de057337b.jpg,w_da011a1,167
8c374b5f4.jpg,w_c97ad94,154
f949c10a5.jpg,w_60ce6fc,75
608cc339e.jpg,w_0ee7878,12
ae4a07154.jpg,w_f0eddab,186
69188f610.jpg,w_f765256,194
21e28ae02.jpg,w_5597026,63
d1b3ab46c.jpg,w_c16cb2c,148
3bd87d9fb.jpg,w_c97ad94,154
74ef55dfa.jpg,w_83a4279,97
92398223e.jpg,w_ab2ac77,127
db1122cdf.jpg,w_9b5109b,115
2061b02a7.jpg,w_f602022,189
2bc84446c.jpg,w_a190a88,120
f4ff7d67b.jpg,w_91cc02c,107
b94ef9da5.jpg,w_fd3e556,198
6bbef98e2.jpg,w_e2372d6,176
233a035cb.jpg,w_f765256,194
772e2102b.jpg,w_da011a1,167
711c3827e.jpg,w_1ca9ab1,24
2d742ff03.jpg,w_8b86b95,102
5094e6fcf.jpg,w_be4f189,142
db4d92ed1.jpg,w_6e6307e,85
0e27b36d2.jpg,w_37d2f3a,44
281204d15.jpg,w_c6b4d61,151
39a1d98ec.jpg,w_007fefa,0
f20583f8c.jpg,w_789c969,91
42dc57b4b.jpg,w_9d86594,117
3c90ae279.jpg,w_2b65b34,36
898211608.jpg,w_df32eec,172
cf0f604ab.jpg,w_1f0cf0a,26
05081c5c8.jpg,w_b128587,133
994a09961.jpg,w_e27bbf6,177
73135d38c.jpg,w_04003e9,5
9d3a0bf95.jpg,w_0369a5c,4
35f67c482.jpg,w_7d44896,93
a9939fb15.jpg,w_218fe4a,27
2bc15d15b.jpg,w_9c506f6,116
2e1cc98cc.jpg,w_75f6ffa,89
8f8e865a1.jpg,w_04003e9,5
c0f29c6b1.jpg,w_789c969,91
730459848.jpg,w_789c969,91
a8e19aab6.jpg,w_a8b34a0,122
f732923a1.jpg,w_564a34b,65
69e6411ab.jpg,w_6822dbc,80
0eec912c8.jpg,w_17b0d3a,21
f0907fa32.jpg,w_cc1784d,156
80ff1a19e.jpg,w_6e97ef4,86
bac5c91d2.jpg,w_aa32f70,125
4e05bc137.jpg,w_af367c3,132
ac816fa35.jpg,w_27597ff,33
446e9a8a0.jpg,w_f765256,194
52196ec9d.jpg,w_bfe77d0,145
a6c4cab26.jpg,w_2b069ba,34
ae0ad16af.jpg,w_d405854,161
962e730e3.jpg,w_bfcad53,144
bce549448.jpg,w_ab2ac77,127
b546e31fc.jpg,w_88e4537,99
4a27e0be6.jpg,w_9a1a810,114
3e9d3c09e.jpg,w_34ecf36,42
a32a76da7.jpg,w_3de579a,48
c93b6d042.jpg,w_1ca9ab1,24
dd177de7c.jpg,w_564a34b,65
0e840332a.jpg,w_733f661,88
1e8eec843.jpg,w_8f1069a,105
f0e040566.jpg,w_7e2eb3d,94
6cd6af075.jpg,w_bfcad53,144
8c76b3c54.jpg,w_e27bbf6,177
8fd54017f.jpg,w_bd1c3d5,141
143710238.jpg,w_dea40e2,170
f2018fd4f.jpg,w_5e8e218,74
7800679f5.jpg,w_51fc1fc,60
8019c56b3.jpg,w_c875e45,153
b31c3266c.jpg,w_60ce6fc,75
aacf57690.jpg,w_91cc02c,107
b164640dd.jpg,w_d405854,161
f91ee6c5c.jpg,w_d405854,161
263230b75.jpg,w_e1ffbe2,175
bad328573.jpg,w_343f088,41
ad48edd04.jpg,w_9c506f6,116
7e3d5692c.jpg,w_62c78f3,77
8140ae072.jpg,w_d573a68,163
aab0492a5.jpg,w_d405854,161
b787e14c1.jpg,w_990921b,113
07733181b.jpg,w_9b5109b,115
763a8ec00.jpg,w_dee1053,171
dff369521.jpg,w_2b069ba,34
72c22f3f4.jpg,w_8a6a8d5,101
975810813.jpg,w_c16cb2c,148
818029ec2.jpg,w_27597ff,33
814ebcb37.jpg,w_5a2634c,71
e2a248061.jpg,w_c01c1f4,146
515d6eb11.jpg,w_9b5109b,115
70ced4a03.jpg,w_9da1811,118
7986dd320.jpg,w_4516ff1,51
651dce4fb.jpg,w_6822dbc,80
1ce0b1d68.jpg,w_f6c5343,192
5e8632b10.jpg,w_ae8982d,131
8f60e88d2.jpg,w_564a34b,65
040da527c.jpg,w_564a34b,65
debd3e310.jpg,w_23a388d,30
b0558d1ec.jpg,w_6caff0f,82
6da1cceeb.jpg,w_cc1784d,156
b0aee440c.jpg,w_57db059,67
d6cf5d3ec.jpg,w_591a2c5,70
25435d97c.jpg,w_e966f36,180
fc0b7d824.jpg,w_9c506f6,116
88e04094e.jpg,w_59052ad,69
b43e7a9b6.jpg,w_c0d11da,147
f0908ef40.jpg,w_0bc078c,10
16942730a.jpg,w_15805cd,18
0e2cf96c6.jpg,w_f66ec54,191
18b36c8dc.jpg,w_a190a88,120
f187a1ca7.jpg,w_88e4537,99
a85342577.jpg,w_191bce3,22
a7f1e6b35.jpg,w_3de579a,48
4b01ee811.jpg,w_d494351,162
c39933761.jpg,w_4516d31,50
be9115212.jpg,w_ae393cd,130
86a354011.jpg,w_7d44896,93
f86b34855.jpg,w_5a3e0de,72
06c8929a3.jpg,w_db68456,168
10b694367.jpg,w_04003e9,5
7e68a5b8d.jpg,w_5d5c6a6,73
aa85a40f4.jpg,w_40a8585,49
3a2ed0679.jpg,w_d405854,161
7d43ae922.jpg,w_343f088,41
ec038eee7.jpg,w_0b1e4a6,9
bdcecd69c.jpg,w_5773c71,66
44d90f1e6.jpg,w_e1ffbe2,175
a3057a62d.jpg,w_4516ff1,51
81c910b6e.jpg,w_5e8e218,74
a31637702.jpg,w_564a34b,65
828d5c180.jpg,w_e966f36,180
a389136a2.jpg,w_e07b79f,174
ab5e2ef88.jpg,w_27597ff,33
3db9d181e.jpg,w_7c77c5c,92
cc96aff15.jpg,w_cc1784d,156
e672780ad.jpg,w_12cc52d,15
5f07ed369.jpg,w_ab7c369,128
26f751e5c.jpg,w_27597ff,33
5ab08b3a8.jpg,w_d72771c,165
49c65d018.jpg,w_cc1784d,156
c1a21b6d2.jpg,w_f6c5343,192
0e76405ec.jpg,w_789c969,91
44f3204ed.jpg,w_cd4cb49,157
686d57191.jpg,w_343f088,41
9fcd7af75.jpg,w_025911c,2
b0fdf3986.jpg,w_f0fe284,187
cf83d6281.jpg,w_bfcad53,144
19cc5e7eb.jpg,w_ab2ac77,127
11df60816.jpg,w_cd4cb49,157
fd198e007.jpg,w_0369a5c,4
f1666f045.jpg,w_15805cd,18
2187ec67c.jpg,w_4a28f21,55
a9ba301a3.jpg,w_17b0d3a,21
ec74372b2.jpg,w_17b0d3a,21
24c68d5a3.jpg,w_b71ac68,136
971bca37a.jpg,w_0b1e4a6,9
be490bd2e.jpg,w_91cc02c,107
65e152308.jpg,w_f6c5343,192
bc09b3357.jpg,w_990921b,113
66091b5d9.jpg,w_8f1069a,105
d37aaa2c7.jpg,w_d980663,166
52e0fe943.jpg,w_0cbf1b3,11
f0f3de7c4.jpg,w_a6a732d,121
1ac3c3ee9.jpg,w_5a2634c,71
dc9488ad5.jpg,w_c16cb2c,148
0c341777d.jpg,w_c6b4d61,151
fde621dec.jpg,w_d405854,161
2ae61890a.jpg,w_23a388d,30
272d3d799.jpg,w_9a1a810,114
1ef169d52.jpg,w_0bc078c,10
af6959f59.jpg,w_c6b4d61,151
c7d069ac2.jpg,w_5a3e0de,72
b8e0cf2f4.jpg,w_6caff0f,82
cbc0bc9f5.jpg,w_ef83760,184
d105a00fc.jpg,w_b128587,133
21b32d50a.jpg,w_659bdb8,78
d60be4a67.jpg,w_55b77ce,64
e021d7ca2.jpg,w_a9304b9,123
447b48dad.jpg,w_564a34b,65
9160a128d.jpg,w_fd3e556,198
6d053e4a4.jpg,w_03670aa,3
735964710.jpg,w_88e4537,99
ba8a7dc70.jpg,w_60ce6fc,75
96d92a703.jpg,w_990921b,113
0956ba105.jpg,w_6cda039,83
180056116.jpg,w_04003e9,5
c8e570a96.jpg,w_60cf87c,76
167e7872d.jpg,w_5773c71,66
43f828b84.jpg,w_488865e,54
a3d3455ca.jpg,w_88e4537,99
2d1f20f76.jpg,w_fd3e556,198
1964299d3.jpg,w_a9304b9,123
61ff7c6c5.jpg,w_3de579a,48
419d217ac.jpg,w_a9304b9,123
bca69f23c.jpg,w_4690940,52
c8cec152d.jpg,w_f0fe284,187
3ffe3d3a5.jpg,w_c875e45,153
beb89b94c.jpg,w_698fcbe,81
de147512b.jpg,w_f765256,194
8bfe10108.jpg,w_03670aa,3
28ceda616.jpg,w_91cc02c,107
a97caed52.jpg,w_23a388d,30
0ae95cf70.jpg,w_9b5109b,115
ad08af2f4.jpg,w_bc285a6,140
0812d57cd.jpg,w_9b5109b,115
11232bac1.jpg,w_cda3971,158
3623eae7a.jpg,w_e1ffbe2,175
4dd08c554.jpg,w_e01ca20,173
ae196c878.jpg,w_bc285a6,140
e63dddec0.jpg,w_f61b957,190
810bb3989.jpg,w_9c506f6,116
85369a41f.jpg,w_c6b4d61,151
36deaa67e.jpg,w_3de579a,48
da7ec0069.jpg,w_bd1c3d5,141
0ed1c9d1e.jpg,w_e2a09d4,178
15db53751.jpg,w_ae393cd,130
8e6d570e4.jpg,w_23a388d,30
af7382e9f.jpg,w_53feb91,62
0913c89c3.jpg,w_08630fd,6
a4043a114.jpg,w_6caff0f,82
d22c9f456.jpg,w_16df050,20
892e41509.jpg,w_edce644,183
ede9d96eb.jpg,w_23a388d,30
870608e95.jpg,w_700ebb4,87
a817494ac.jpg,w_57db059,67
abeefc412.jpg,w_5a2634c,71
0cfed7024.jpg,w_f602022,189
e5e6894c5.jpg,w_6e97ef4,86
ecdce6d77.jpg,w_0135f5f,1
d4c6e6552.jpg,w_f7cd240,195
99ce90134.jpg,w_698fcbe,81
67a2a784d.jpg,w_3de579a,48
17b05d20d.jpg,w_1ca9ab1,24
a408ac501.jpg,w_4516d31,50
7f67b5cdb.jpg,w_2b069ba,34
1fe4d6a65.jpg,w_990921b,113
04eb43378.jpg,w_f74a89e,193
b68d3920f.jpg,w_5e8e218,74
8a2352995.jpg,w_eaed433,181
55062e2ad.jpg,w_c16cb2c,148
24eb3dac3.jpg,w_4bf625b,56
b6dfbb60a.jpg,w_0369a5c,4
a89142360.jpg,w_2df85e7,37
1cdfb47c2.jpg,w_59052ad,69
386098eae.jpg,w_5a2634c,71
cdff47d01.jpg,w_5e8e218,74
eb10f3c77.jpg,w_f829227,196
a098dadc2.jpg,w_1f0cf0a,26
1cfd25df6.jpg,w_d72771c,165
c3299da87.jpg,w_4846b27,53
25ff06acf.jpg,w_b71ac68,136
2ae1ca8e5.jpg,w_c875e45,153
e9d78cd7d.jpg,w_4516ff1,51
e12a65860.jpg,w_26c0ffd,32
bea12653a.jpg,w_6e209a8,84
1818cfcbb.jpg,w_d72771c,165
a6183dab0.jpg,w_0887d9b,7
08334fd63.jpg,w_bfcad53,144
71aec5a1e.jpg,w_343f088,41
8a1a25dab.jpg,w_5a2634c,71
744fd32ec.jpg,w_ef83760,184
d810a964e.jpg,w_5a3e0de,72
999efe4d2.jpg,w_a113b33,119
36c5a4bd2.jpg,w_d405854,161
6051ba56b.jpg,w_8da30ad,104
5eaeb24a9.jpg,w_4846b27,53
0712ad7fe.jpg,w_f765256,194
3789745b6.jpg,w_789c969,91
c70a89201.jpg,w_51e7506,59
ae51d0b37.jpg,w_990921b,113
dada7104b.jpg,w_2365d55,29
ccdf0db5e.jpg,w_700ebb4,87
07a04a873.jpg,w_8a6a8d5,101
796748ca7.jpg,w_13aa123,16
3022969e9.jpg,w_4bf625b,56
bd4eaa1cb.jpg,w_0369a5c,4
6132f858d.jpg,w_88e4537,99
5e0d14efe.jpg,w_7e579dd,95
8241486ad.jpg,w_eba33fb,182
431fc772a.jpg,w_789c969,91
c3e675078.jpg,w_0369a5c,4
76d485735.jpg,w_7d44896,93
a1fd2bf3c.jpg,w_efbdcbc,185
20f152053.jpg,w_eaed433,181
bb55e13fa.jpg,w_23a388d,30
4dc6796d4.jpg,w_9b5109b,115
18aae894c.jpg,w_3879fa0,46
6f2ee2644.jpg,w_8b86b95,102
dba646530.jpg,w_37d2f3a,44
20d4abba8.jpg,w_0369a5c,4
2211bb803.jpg,w_f765256,194
958ddc8a2.jpg,w_f74a89e,193
4cc7c734b.jpg,w_04003e9,5
f6ddf279f.jpg,w_88e4537,99
bffcb120b.jpg,w_9c506f6,116
a3097ebc8.jpg,w_1d532b4,25
cd3937f27.jpg,w_9b5109b,115
7bb85f0f6.jpg,w_5597026,63
6f297824e.jpg,w_62c78f3,77
e30abf846.jpg,w_16df050,20
70029fb9f.jpg,w_0369a5c,4
e249d8537.jpg,w_08630fd,6
71620fa91.jpg,w_03670aa,3
f4cb4d05b.jpg,w_3815890,45
5e30f61ab.jpg,w_60cf87c,76
b9e756b11.jpg,w_94f41dc,110
1dcd8c109.jpg,w_fd6a3ad,199
276f83d14.jpg,w_03670aa,3
e3f2dbd25.jpg,w_f48451c,188
7f06b6569.jpg,w_8003858,96
f7a34b30e.jpg,w_b9e5911,139
b34cb2e85.jpg,w_3815890,45
6889b5f78.jpg,w_34ecf36,42
1cd040e23.jpg,w_ae393cd,130
8688942a4.jpg,w_eba33fb,182
f14c33d69.jpg,w_789c969,91
36c21f694.jpg,w_53215c6,61
12a50bd2c.jpg,w_fd6a3ad,199
752a25c1a.jpg,w_51fc1fc,60
5642c4551.jpg,w_5a2634c,71
3dce82dac.jpg,w_ef83760,184
931eb7c8e.jpg,w_6822dbc,80
26d3bdc92.jpg,w_1b0db58,23
4f0120859.jpg,w_733f661,88
0ece26b35.jpg,w_c6fe966,152
9640f0a22.jpg,w_789c969,91
2d3b18d76.jpg,w_4bf625b,56
6de060aac.jpg,w_4690940,52
6eea6df10.jpg,w_3879fa0,46
95229b54d.jpg,w_83cc0ec,98
f20fdcc52.jpg,w_2b65b34,36
3121258e1.jpg,w_1f0cf0a,26
837cfabb3.jpg,w_0a155b9,8
0067b3a20.jpg,w_c0d11da,147
7575985c5.jpg,w_564a34b,65
5c7d4af51.jpg,w_27597ff,33
7bfe99d6f.jpg,w_f66ec54,191
7100b64f2.jpg,w_3de579a,48
9d4b1ad44.jpg,w_62c78f3,77
95df0c81c.jpg,w_f765256,194
3ce889939.jpg,w_f61b957,190
03563996a.jpg,w_91cc02c,107
2cd7913bb.jpg,w_df32eec,172
f7802f07b.jpg,w_0fdf741,14
531a16e04.jpg,w_16df050,20
bcd3b6249.jpg,w_9b5109b,115
9238541dc.jpg,w_36bbd71,43
c20e81e1e.jpg,w_fccccec,197
db1f2e9e4.jpg,w_88e4537,99
dcfd9b396.jpg,w_0b1e4a6,9
b63842413.jpg,w_04003e9,5
e4650b5d6.jpg,w_2365d55,29
8b0ce154f.jpg,w_990921b,113
46d8c5648.jpg,w_c0d11da,147
87e9576ae.jpg,w_700ebb4,87
1ed34c38b.jpg,w_9c506f6,116
d65a3a18b.jpg,w_d066f46,160
f6459b19c.jpg,w_f0eddab,186
ad13570f9.jpg,w_e906edd,179
26448a6f8.jpg,w_13aa123,16
afa597a42.jpg,w_3de579a,48
82f7350f1.jpg,w_9c506f6,116
0c70b164e.jpg,w_778e474,90
cf9d17dd0.jpg,w_8da30ad,104
777c305a4.jpg,w_9c506f6,116
8f339c26a.jpg,w_343f088,41
b193bfd05.jpg,w_f7cd240,195
9559af634.jpg,w_a9304b9,123
44d718597.jpg,w_34ecf36,42
956930ec6.jpg,w_ef83760,184
9074c1b18.jpg,w_16b5050,19
af40a97d0.jpg,w_15805cd,18
44a8db31a.jpg,w_d494351,162
79f8ad994.jpg,w_cbb15d2,155
0301ca72f.jpg,w_025911c,2
3a756793c.jpg,w_16df050,20
5ad7feb2b.jpg,w_972e51e,111
e96c5cd8c.jpg,w_91cc02c,107
e880a0ac6.jpg,w_23a388d,30
a95733a8a.jpg,w_60ce6fc,75
d80b099d4.jpg,w_fd3e556,198
b18fcea7f.jpg,w_8b86b95,102
ee108f1cd.jpg,w_2365d55,29
d81c546a4.jpg,w_789c969,91
b79659487.jpg,w_ef83760,184
ca088acf3.jpg,w_14330a0,17
1bbd772ab.jpg,w_f61b957,190
364b4d9d5.jpg,w_4516d31,50
b0138beb6.jpg,w_218fe4a,27
e90d79193.jpg,w_2b069ba,34
9296b4c3a.jpg,w_90c9763,106
633d68f34.jpg,w_cda3971,158
144c2f110.jpg,w_17b0d3a,21
8a40af313.jpg,w_d573a68,163
1ab5e0f55.jpg,w_8b86b95,102
6faef4f7b.jpg,w_9da1811,118
cbd8c40a2.jpg,w_8b86b95,102
800a2d5c5.jpg,w_e906edd,179
22d618bd9.jpg,w_9a1a810,114
2f8efb216.jpg,w_4bf625b,56
978e356de.jpg,w_60cf87c,76
c0630d594.jpg,w_b128587,133
06504fa5b.jpg,w_0cbf1b3,11
07ac2b767.jpg,w_dd88965,169
089d1f450.jpg,w_c16cb2c,148
e5812ff28.jpg,w_f0fe284,187
5d85d10e6.jpg,w_eba33fb,182
6b51326b9.jpg,w_f602022,189
c8ee730f4.jpg,w_1ca9ab1,24
051fd9a67.jpg,w_59052ad,69
e60324cdc.jpg,w_9da1811,118
004e8ad5b.jpg,w_3de579a,48
0a5542188.jpg,w_6e6307e,85
26ae5863f.jpg,w_343f088,41
321dc9fae.jpg,w_0cbf1b3,11
67d63f17a.jpg,w_f6c5343,192
6b9c54328.jpg,w_cd4cb49,157
efae7b997.jpg,w_a9304b9,123
5c75dc38a.jpg,w_9da1811,118
917831cd2.jpg,w_591a2c5,70
1d221ce45.jpg,w_53feb91,62
d742a8b97.jpg,w_8003858,96
b0b1e1dc1.jpg,w_59052ad,69
015a0c58d.jpg,w_40a8585,49
386587034.jpg,w_488865e,54
01e2ca8ba.jpg,w_edce644,183
71b9dfe83.jpg,w_d588fb4,164
465844f50.jpg,w_e2a09d4,178
29da76615.jpg,w_4bf625b,56
f5dfddc24.jpg,w_9b5109b,115
730e38be3.jpg,w_0369a5c,4
d88b45bab.jpg,w_9b5109b,115
d05705762.jpg,w_c16cb2c,148
909ff3867.jpg,w_972e51e,111
cd6a7b383.jpg,w_9d86594,117
4e52d1a64.jpg,w_8c25681,103
e5aa8cc13.jpg,w_7c77c5c,92
9d9945607.jpg,w_90c9763,106
77c1139d0.jpg,w_0f8b8e2,13
78f4b7592.jpg,w_f7cd240,195
41f7d1047.jpg,w_37d2f3a,44
343e97f54.jpg,w_08630fd,6
6672b2f79.jpg,w_fd3e556,198
094d86c17.jpg,w_1ca9ab1,24
140138c6e.jpg,w_5a2634c,71
bb117c2eb.jpg,w_91cc02c,107
ce0d71515.jpg,w_c0d11da,147
8ed127100.jpg,w_db68456,168
0a0364032.jpg,w_dea40e2,170
7e82f92ee.jpg,w_23a388d,30
6ae34d783.jpg,w_f74a89e,193
175bfb3b8.jpg,w_90c9763,106
66ad13a55.jpg,w_af367c3,132
211b9ad84.jpg,w_6cda039,83
81727689e.jpg,w_2df85e7,37
0f443ae12.jpg,w_4690940,52
b6924fbe5.jpg,w_700ebb4,87
08cb88f53.jpg,w_234713b,28
b3c54d7f4.jpg,w_778e474,90
43358eff6.jpg,w_789c969,91
a94abfec3.jpg,w_aabdf8c,126
924d79847.jpg,w_e01ca20,173
76a9dee30.jpg,w_3de579a,48
a9ba26b09.jpg,w_8da30ad,104
81d69b10c.jpg,w_3815890,45
135168118.jpg,w_36bbd71,43
3b5be27a6.jpg,w_659bdb8,78
64fc84bb8.jpg,w_a6a732d,121
65e648875.jpg,w_eba33fb,182
f3f9772a2.jpg,w_e2a09d4,178
c988d1bb5.jpg,w_cd4cb49,157
eb83d46e3.jpg,w_89f6097,100
b6231088b.jpg,w_08630fd,6
6183d39b6.jpg,w_3815890,45
4ed43dd1b.jpg,w_a113b33,119
db8c3bef2.jpg,w_eaed433,181
768be5d90.jpg,w_e966f36,180
8338c763f.jpg,w_eaed433,181
d0e463d0d.jpg,w_83cc0ec,98
440f05fd9.jpg,w_f66ec54,191
a50a4929e.jpg,w_9da1811,118
4c4256cfb.jpg,w_9438119,109
ee96b5be6.jpg,w_50fd107,58
3e7cf4dab.jpg,w_9c506f6,116
92862f523.jpg,w_f765256,194
5d5801683.jpg,w_4bf625b,56
f104b0e52.jpg,w_51fc1fc,60
c9ca08a40.jpg,w_b9e5911,139
71f464c55.jpg,w_9d86594,117
8b51e7a1d.jpg,w_d573a68,163
c1328cf1f.jpg,w_564a34b,65
aa5dc4076.jpg,w_9c506f6,116
31567a90b.jpg,w_789c969,91
6b790d0a7.jpg,w_f61b957,190
37bcba41a.jpg,w_6caff0f,82
3c89b9105.jpg,w_d066f46,160
8f94af03a.jpg,w_62c78f3,77
96b07fac4.jpg,w_83a4279,97
0f77df0e0.jpg,w_f61b957,190
2d83b5312.jpg,w_0369a5c,4
4e62cfc96.jpg,w_27597ff,33
caffa78a8.jpg,w_c6fe966,152
19bb578b1.jpg,w_dd88965,169
c080c7321.jpg,w_e906edd,179
3cd9242f5.jpg,w_37d2f3a,44
080d2aaff.jpg,w_ab2ac77,127
802011c8d.jpg,w_8c25681,103
579a2b4b8.jpg,w_7d44896,93
46919e45f.jpg,w_7e2eb3d,94
8839e8ff0.jpg,w_13aa123,16
b9236e5f0.jpg,w_8003858,96
23e07ca09.jpg,w_0b1e4a6,9
0acef76f0.jpg,w_bf960fa,143
d3827a49d.jpg,w_6caff0f,82
03908edc8.jpg,w_8da30ad,104
20390adb4.jpg,w_27597ff,33
f671c63c0.jpg,w_6e209a8,84
97e46fd0c.jpg,w_59052ad,69
5856c176a.jpg,w_ab7c369,128
1400300d1.jpg,w_3815890,45
a7990e56e.jpg,w_5d5c6a6,73
8e24cd62d.jpg,w_b71ac68,136
ced5aadb8.jpg,w_98d094e,112
c1f3abb36.jpg,w_efbdcbc,185
02bdec750.jpg,w_23a388d,30
08258902a.jpg,w_f0fe284,187
a4c04ab5f.jpg,w_5a2634c,71
e302cf945.jpg,w_b9e5911,139
ca6e8eb25.jpg,w_b9e5911,139
d3d211488.jpg,w_f74a89e,193
75bd7bba0.jpg,w_ab2ac77,127
378ae3057.jpg,w_488865e,54
fe896a2be.jpg,w_b9e5911,139
8d490a51d.jpg,w_91cc02c,107
c91de4093.jpg,w_83a4279,97
bd6269163.jpg,w_4846b27,53
7cb532c20.jpg,w_accb0cb,129
c3d823ad3.jpg,w_aa32f70,125
60fd46031.jpg,w_0a155b9,8
70c60ea38.jpg,w_025911c,2
c5cc80b0c.jpg,w_9c506f6,116
208b8e125.jpg,w_4690940,52
61445c584.jpg,w_2e374c0,38
7fd100cd9.jpg,w_b9e5911,139
161548ded.jpg,w_698fcbe,81
59f533487.jpg,w_f66ec54,191
cb5b12451.jpg,w_aa0dacc,124
86d4ad12e.jpg,w_17b0d3a,21
842f752a3.jpg,w_191bce3,22
b3c0e0383.jpg,w_8c25681,103
d9dcb9abc.jpg,w_1d532b4,25
5f9d88a4e.jpg,w_778e474,90
41ab663e2.jpg,w_b71ac68,136
758b800b6.jpg,w_e906edd,179
840905c1a.jpg,w_dea40e2,170
9c4b9547f.jpg,w_659bdb8,78
949b3207c.jpg,w_13aa123,16
9e1e3cea4.jpg,w_60ce6fc,75
49e3d5217.jpg,w_cbb15d2,155
18e740a2f.jpg,w_d066c0a,159
1ab9277c0.jpg,w_488865e,54
8c7cfb96c.jpg,w_cbb15d2,155
ad1577a29.jpg,w_5773c71,66
a32fbd4c5.jpg,w_51e7506,59
a3fecae64.jpg,w_6cda039,83
82b65b762.jpg,w_04003e9,5
6cb35dbbc.jpg,w_ae8982d,131
6ae0bb582.jpg,w_e2a09d4,178
2b26b72d8.jpg,w_dee1053,171
731971c72.jpg,w_d494351,162
fdcb73264.jpg,w_12cc52d,15
016f26c74.jpg,w_f765256,194
c3e1adfda.jpg,w_cbb15d2,155
1e4b4581c.jpg,w_efbdcbc,185
46da4bda9.jpg,w_dd88965,169
cdcd06701.jpg,w_af367c3,132
05e81e346.jpg,w_8b86b95,102
e782803cb.jpg,w_f0fe284,187
831745eab.jpg,w_990921b,113
73c746543.jpg,w_700ebb4,87
6e37cdae9.jpg,w_0bc078c,10
de28e0032.jpg,w_e1ffbe2,175
db7685ca7.jpg,w_0cbf1b3,11
32619fd20.jpg,w_5d5c6a6,73
3c5bbc211.jpg,w_7d44896,93
be122c509.jpg,w_6e97ef4,86
73182b3e5.jpg,w_990921b,113
ee528e411.jpg,w_2b069ba,34
8c36b5f86.jpg,w_6caff0f,82
6390d0a8f.jpg,w_733f661,88
812771f89.jpg,w_8c25681,103
cb01491c7.jpg,w_62c78f3,77
e88588ee0.jpg,w_ef83760,184
bddadf851.jpg,w_f0eddab,186
e4c49579a.jpg,w_789c969,91
4302b3d58.jpg,w_36bbd71,43
f0423128b.jpg,w_564a34b,65
e9fec27e1.jpg,w_6822dbc,80
40bb25e45.jpg,w_88e4537,99
d8406b10f.jpg,w_564a34b,65
4d050298e.jpg,w_007fefa,0
494565a43.jpg,w_c6b4d61,151
dda3554e0.jpg,w_cda3971,158
ca7382332.jpg,w_3b03149,47
5ddc4bfc1.jpg,w_e906edd,179
ff49c3124.jpg,w_f765256,194
16fe82c1a.jpg,w_b9c99cc,138
ad739e36a.jpg,w_5e8e218,74
b4284d5ef.jpg,w_16b5050,19
a8afa375a.jpg,w_3b03149,47
f1ce71c29.jpg,w_7d44896,93
2d37f3444.jpg,w_2b069ba,34
4f29124ec.jpg,w_5a2634c,71
f066d7598.jpg,w_cd4cb49,157
462152c16.jpg,w_564a34b,65
b79e51dba.jpg,w_75f6ffa,89
777ab7ad2.jpg,w_51e7506,59
c34636b03.jpg,w_f0fe284,187
914cf3d3c.jpg,w_1f0cf0a,26
2235a4082.jpg,w_60cf87c,76
f1a9f5b30.jpg,w_efbdcbc,185
54a5608d9.jpg,w_ae8982d,131
821e04d17.jpg,w_dee1053,171
f4921d87d.jpg,w_2b069ba,34
a5c0823ba.jpg,w_0369a5c,4
e8782b0c4.jpg,w_5e8e218,74
f38b26a85.jpg,w_bfcad53,144
95765c63a.jpg,w_3b03149,47
b4dbccd8c.jpg,w_fd3e556,198
c131d8ea2.jpg,w_53feb91,62
bbafa3b94.jpg,w_fccccec,197
f44c6c117.jpg,w_700ebb4,87
4920bb0a8.jpg,w_1ca9ab1,24
b24c447f7.jpg,w_4516ff1,51
fb163264e.jpg,w_83a4279,97
ce51f2187.jpg,w_5a3e0de,72
42bcb8cad.jpg,w_f0fe284,187
c39b6e53b.jpg,w_36bbd71,43
40de7bb70.jpg,w_4bf625b,56
8fbbe7b96.jpg,w_26c0ffd,32
d753c6a96.jpg,w_88e4537,99
2f2b273bb.jpg,w_1ca9ab1,24
222270b42.jpg,w_60cf87c,76
7c1918c93.jpg,w_6822dbc,80
cb0dfcfab.jpg,w_f61b957,190
42ba4dd5f.jpg,w_8a6a8d5,101
0c508bef1.jpg,w_ab2ac77,127
4218095f9.jpg,w_7e2eb3d,94
a12b720e8.jpg,w_6822dbc,80
7c38585cb.jpg,w_df32eec,172
bd88ef217.jpg,w_5e8e218,74
a616f80f1.jpg,w_b938e96,137
cf06dc892.jpg,w_04003e9,5
55923143f.jpg,w_60ce6fc,75
f1887921d.jpg,w_5a3e0de,72
63ae28c53.jpg,w_f0fe284,187
dd041f390.jpg,w_789c969,91
f90975e25.jpg,w_8f1069a,105
749bd29f4.jpg,w_dd88965,169
b810b9b4d.jpg,w_f74a89e,193
b065a0fdc.jpg,w_fd3e556,198
d26999767.jpg,w_c0d11da,147
a4f6f2ceb.jpg,w_659bdb8,78
80e706d56.jpg,w_9d86594,117
14a82ef56.jpg,w_f0fe284,187
5db974280.jpg,w_a6a732d,121
2cc8338d9.jpg,w_e07b79f,174
2682918b3.jpg,w_0f8b8e2,13
c2a02f80e.jpg,w_fccccec,197
defed35f8.jpg,w_5773c71,66
f592ee289.jpg,w_9da1811,118
8a1d7cc66.jpg,w_0135f5f,1
c68b15457.jpg,w_1ca9ab1,24
bf84bad36.jpg,w_23a388d,30
d59aa0208.jpg,w_d573a68,163
20554cdf3.jpg,w_08630fd,6
3e69d7030.jpg,w_0369a5c,4
4c707b23c.jpg,w_0ee7878,12
5297b6c40.jpg,w_34120de,40
3a865b538.jpg,w_51fc1fc,60
c4b94c917.jpg,w_4a28f21,55
fe92e3fc4.jpg,w_04003e9,5
1c26e9930.jpg,w_778e474,90
144812b75.jpg,w_fd6a3ad,199
31098a6b7.jpg,w_5597026,63
65131b5fc.jpg,w_6822dbc,80
8c97c8b7c.jpg,w_700ebb4,87
32f2e57b0.jpg,w_6cda039,83
d2c96f308.jpg,w_c6fe966,152
6ed14ca47.jpg,w_efbdcbc,185
1e38e1550.jpg,w_6cda039,83
9fc5e1f2c.jpg,w_75f6ffa,89
5eb452395.jpg,w_659bdb8,78
f0e209e32.jpg,w_60ce6fc,75
511540bb9.jpg,w_700ebb4,87
7c470d974.jpg,w_4516d31,50
cfebbda1f.jpg,w_f829227,196
fca0e850a.jpg,w_659bdb8,78
35b5b33a9.jpg,w_c01c1f4,146
dfdf81315.jpg,w_0369a5c,4
e466ee44e.jpg,w_d72771c,165
d8baec7ce.jpg,w_f61b957,190
08dd94712.jpg,w_0a155b9,8
ecc0b75bf.jpg,w_6cda039,83
6e2633c52.jpg,w_0369a5c,4
fc5c53caa.jpg,w_dd88965,169
53c38d05a.jpg,w_f74a89e,193
1abfec724.jpg,w_1f0cf0a,26
84e033999.jpg,w_d494351,162
f85279207.jpg,w_da011a1,167
23351a9cd.jpg,w_2b069ba,34
8fe6a13cf.jpg,w_c01c1f4,146
a80048f38.jpg,w_778e474,90
16e90bc21.jpg,w_53feb91,62
2c966ad9d.jpg,w_733f661,88
e07fe9fe2.jpg,w_a113b33,119
ff84b05fd.jpg,w_d405854,161
dd326b03c.jpg,w_f66ec54,191
1bfa20d9e.jpg,w_5d5c6a6,73
90ced6cbc.jpg,w_bfcad53,144
2f1c9ba8f.jpg,w_a8b34a0,122
2a882f692.jpg,w_6822dbc,80
d32381eb3.jpg,w_2df85e7,37
ffcd5efdc.jpg,w_f765256,194
4cef9f96d.jpg,w_8c25681,103
5fbbf0cbb.jpg,w_488865e,54
1847e87ee.jpg,w_e1ffbe2,175
375a616e0.jpg,w_7e579dd,95
3f71f580d.jpg,w_0369a5c,4
1683955c4.jpg,w_bc285a6,140
eb4c72085.jpg,w_f61b957,190
7ed1f38f1.jpg,w_343f088,41
6d5835281.jpg,w_0135f5f,1
b5ac2ba79.jpg,w_789c969,91
bc4692a51.jpg,w_b3ca4b7,134
b393718ee.jpg,w_007fefa,0
a2cebb3ce.jpg,w_2365d55,29
a029f0128.jpg,w_8f1069a,105
f6d1e4fa2.jpg,w_be4f189,142
fb6c3bde3.jpg,w_27597ff,33
526fdd865.jpg,w_fd6a3ad,199
7affe44d8.jpg,w_c01c1f4,146
1883237ff.jpg,w_242fb46,31
493ec0cf0.jpg,w_659bdb8,78
108f569f9.jpg,w_a190a88,120
22ca18f40.jpg,w_b9e5911,139
6f40a2433.jpg,w_9438119,109
454ee2805.jpg,w_34120de,40
e05e1a2e0.jpg,w_51fc1fc,60
9f5b24d95.jpg,w_bc285a6,140
63b5408c3.jpg,w_d405854,161
65c4a7736.jpg,w_e27bbf6,177
ffca5cb22.jpg,w_51e7506,59
687b4a187.jpg,w_218fe4a,27
fee468265.jpg,w_53215c6,61
e91a86909.jpg,w_972e51e,111
d78a69515.jpg,w_59052ad,69
f9307592c.jpg,w_e07b79f,174
51a8fe7f6.jpg,w_d405854,161
52af163a3.jpg,w_a6a732d,121
7ec61dd72.jpg,w_0b1e4a6,9
6e1ea9457.jpg,w_c0d11da,147
2bd30038a.jpg,w_9d86594,117
40dc47ffd.jpg,w_d405854,161
0f35bc5e8.jpg,w_be4f189,142
ca69b65a9.jpg,w_b938e96,137
7919aa309.jpg,w_2b069ba,34
6d56a998e.jpg,w_03670aa,3
d7b79b9da.jpg,w_27597ff,33
a625592c3.jpg,w_b938e96,137
0ba3bb92d.jpg,w_d066c0a,159
f82a79f07.jpg,w_c97ad94,154
6e44bd0b4.jpg,w_343f088,41
37b9bbc6a.jpg,w_698fcbe,81
6d4adb609.jpg,w_0fdf741,14
4eba79ed5.jpg,w_a190a88,120
b51e0d23b.jpg,w_5e8e218,74
3a9ef0e8d.jpg,w_b3cc7b3,135
b0d58b9dc.jpg,w_d405854,161
15912c4ac.jpg,w_f765256,194
cd2c4ae6b.jpg,w_bc285a6,140
f004d6421.jpg,w_2b069ba,34
a7445912e.jpg,w_0369a5c,4
a418e5709.jpg,w_9d86594,117
afe9fe3ea.jpg,w_7e579dd,95
b54652474.jpg,w_98d094e,112
ea294601d.jpg,w_9b5109b,115
c4d535ab2.jpg,w_e906edd,179
2109ca990.jpg,w_700ebb4,87
3332b245e.jpg,w_03670aa,3
4f031c62a.jpg,w_bd1c3d5,141
f71ce762c.jpg,w_edce644,183
794e5798b.jpg,w_60ce6fc,75
212b9bd39.jpg,w_f765256,194
89afd1952.jpg,w_564a34b,65
9061e4fb6.jpg,w_60cf87c,76
eadf6af45.jpg,w_88e4537,99
aaba931d9.jpg,w_6822dbc,80
c970f3b94.jpg,w_f0fe284,187
75de855bd.jpg,w_1d532b4,25
fd4b47fb7.jpg,w_789c969,91
16e62d1a1.jpg,w_d405854,161
5f420b231.jpg,w_23a388d,30
e27fa52d9.jpg,w_d405854,161
ef3f5329a.jpg,w_fd6a3ad,199
820088cd5.jpg,w_ab7c369,128
a4ba2b68b.jpg,w_700ebb4,87
f2242df07.jpg,w_75f6ffa,89
714d74f90.jpg,w_f602022,189
721af354b.jpg,w_2e374c0,38
c776f45d4.jpg,w_d405854,161
0a70943a8.jpg,w_edce644,183
65d0f87e6.jpg,w_cd4cb49,157
43dd2a4fb.jpg,w_c01c1f4,146
afe2914ad.jpg,w_007fefa,0
09434961e.jpg,w_53215c6,61
a9315e55e.jpg,w_c0d11da,147
646a37762.jpg,w_eaed433,181
0d3e8320a.jpg,w_fd3e556,198
dcfbd734e.jpg,w_d066c0a,159
d485815e6.jpg,w_343f088,41
df6a26675.jpg,w_60ce6fc,75
251cc1dec.jpg,w_f66ec54,191
b66db8210.jpg,w_2365d55,29
36cffcb23.jpg,w_91cc02c,107
8294e5a2d.jpg,w_d588fb4,164
095533ca6.jpg,w_581ba42,68
b04e00684.jpg,w_ef83760,184
1f8e6efc2.jpg,w_1f0cf0a,26
6bbfd51fe.jpg,w_659bdb8,78
30c4c7619.jpg,w_08630fd,6
c9005e6a5.jpg,w_89f6097,100
396b9f681.jpg,w_3de579a,48
f20d6c29e.jpg,w_591a2c5,70
d30992acb.jpg,w_88e4537,99
7acb67567.jpg,w_aa0dacc,124
269cf0855.jpg,w_5a2634c,71
e0a319467.jpg,w_e906edd,179
619c7b55b.jpg,w_75f6ffa,89
07dcacfe6.jpg,w_6cda039,83
24d8b66e3.jpg,w_c25d2d1,150
97da936c4.jpg,w_cd4cb49,157
40e284727.jpg,w_242fb46,31
f7b59dced.jpg,w_3de579a,48
986ea1651.jpg,w_eba33fb,182
4f8f4c78d.jpg,w_6e97ef4,86
f07e5bbcf.jpg,w_14330a0,17
40057c4ee.jpg,w_9b5109b,115
0e8b29965.jpg,w_6822dbc,80
de7e9121e.jpg,w_5d5c6a6,73
ca4d53f34.jpg,w_bf960fa,143
94d1c9b80.jpg,w_1ca9ab1,24
e71fccdbe.jpg,w_f0eddab,186
e64aa7949.jpg,w_a6a732d,121
84cf7bb4a.jpg,w_9b5109b,115
659087602.jpg,w_700ebb4,87
b5524d34f.jpg,w_218fe4a,27
90a34c856.jpg,w_1b0db58,23
45001476b.jpg,w_59052ad,69
00910010d.jpg,w_700ebb4,87
e759030d1.jpg,w_accb0cb,129
e247dec53.jpg,w_75f6ffa,89
6af30a730.jpg,w_59052ad,69
84927cef0.jpg,w_581ba42,68
9f392b088.jpg,w_778e474,90
bd7f8f624.jpg,w_8da30ad,104
f6084a1aa.jpg,w_88e4537,99
3a1af3857.jpg,w_5e8e218,74
c16462d8e.jpg,w_7d44896,93
f9ccd9e8d.jpg,w_972e51e,111
a7ebfc6b0.jpg,w_a6a732d,121
0af805558.jpg,w_f48451c,188
af68cc785.jpg,w_75f6ffa,89
091e9ccf8.jpg,w_6cda039,83
32991140f.jpg,w_db68456,168
1cf793adc.jpg,w_e01ca20,173
33834c24a.jpg,w_8003858,96
eafc7794e.jpg,w_4c07458,57
36b85f6c4.jpg,w_f0fe284,187
392032607.jpg,w_a9304b9,123
463451db0.jpg,w_f602022,189
62c825522.jpg,w_2b069ba,34
f0e045454.jpg,w_08630fd,6
7e3764b35.jpg,w_be4f189,142
a6e538653.jpg,w_2b4b82e,35
9751c04ca.jpg,w_0135f5f,1
e0b7a77c4.jpg,w_eba33fb,182
83171df9f.jpg,w_5a2634c,71
3041a3534.jpg,w_f61b957,190
06cfbaddf.jpg,w_0a155b9,8
4633315ca.jpg,w_2b069ba,34
b69238dcd.jpg,w_a9304b9,123
419df608d.jpg,w_5597026,63
c001e5701.jpg,w_d405854,161
920953a43.jpg,w_60cf87c,76
e19b20d58.jpg,w_242fb46,31
c9d7494b1.jpg,w_3de579a,48
cb9c67d8d.jpg,w_0135f5f,1
fbbea90c8.jpg,w_6822dbc,80
5a7bec9ca.jpg,w_6caff0f,82
453a4b009.jpg,w_51fc1fc,60
5cbc1f469.jpg,w_17b0d3a,21
a6404c1f1.jpg,w_94f41dc,110
6ce08868e.jpg,w_8003858,96
44818fe41.jpg,w_0369a5c,4
1661c7612.jpg,w_ef83760,184
6cd17961d.jpg,w_d494351,162
873852b37.jpg,w_03670aa,3
725cd9e3b.jpg,w_fccccec,197
ab9b992c8.jpg,w_b9e5911,139
9efc01fe3.jpg,w_0bc078c,10
438cd2452.jpg,w_0bc078c,10
bc56ec542.jpg,w_5773c71,66
1adc2ace1.jpg,w_8003858,96
4ac941d88.jpg,w_9d86594,117
997ce1a3b.jpg,w_3de579a,48
c481c3194.jpg,w_13aa123,16
50eca13a6.jpg,w_0a155b9,8
85893fe0a.jpg,w_e966f36,180
4bfe3d0d0.jpg,w_343f088,41
df4ed34ad.jpg,w_91cc02c,107
d2f3bf07f.jpg,w_fd6a3ad,199
a77256a87.jpg,w_700ebb4,87
167cf5ed3.jpg,w_5597026,63
08fa77b9f.jpg,w_53215c6,61
1085a08dd.jpg,w_5773c71,66
d40a1e776.jpg,w_789c969,91
ee5edb339.jpg,w_34120de,40
dcf7e1005.jpg,w_60cf87c,76
e7eeaa6fc.jpg,w_0369a5c,4
714f9e566.jpg,w_efbdcbc,185
4b027a4a4.jpg,w_7e579dd,95
4032df461.jpg,w_f0fe284,187
ebde028d7.jpg,w_51fc1fc,60
63fd8d183.jpg,w_778e474,90
6e9c8d590.jpg,w_5a2634c,71
1dc5372ac.jpg,w_fd3e556,198
daff79e9f.jpg,w_d405854,161
00caa5c60.jpg,w_fccccec,197
9b484f982.jpg,w_60ce6fc,75
6104af843.jpg,w_aa32f70,125
622ad6e32.jpg,w_4c07458,57
241e38166.jpg,w_c01c1f4,146
81787a873.jpg,w_fd3e556,198
13dff0a39.jpg,w_ae8982d,131
b3b3aed60.jpg,w_bc285a6,140
5ee98ae0c.jpg,w_939423d,108
3d69db5d3.jpg,w_733f661,88
b158324db.jpg,w_dea40e2,170
2b100675d.jpg,w_fd6a3ad,199
baaac6217.jpg,w_d588fb4,164
e3f924715.jpg,w_ae8982d,131
f7169980c.jpg,w_23a388d,30
1008bd463.jpg,w_698fcbe,81
404046ebd.jpg,w_972e51e,111
91479789e.jpg,w_f0eddab,186
a80028528.jpg,w_fd3e556,198
6f7abb1be.jpg,w_f48451c,188
594c893fe.jpg,w_3de579a,48
a3c12257e.jpg,w_83cc0ec,98
55f3a1de5.jpg,w_fccccec,197
34bb4ed8d.jpg,w_a113b33,119
4ad85971f.jpg,w_cd4cb49,157
84253bfed.jpg,w_9b5109b,115
655bd57fc.jpg,w_e2372d6,176
478549f50.jpg,w_89f6097,100
0e8f0ab91.jpg,w_789c969,91
57525f395.jpg,w_939423d,108
14c5eb662.jpg,w_025911c,2
eb474c625.jpg,w_9a1a810,114
5930086de.jpg,w_aabdf8c,126
a8a7af726.jpg,w_6cda039,83
a3075f7a3.jpg,w_6cda039,83
59ced9f36.jpg,w_9b5109b,115
5353216d6.jpg,w_36bbd71,43
bec649580.jpg,w_d573a68,163
2f6c86c01.jpg,w_90c9763,106
7dc4b6055.jpg,w_990921b,113
b3f95602b.jpg,w_17b0d3a,21
8d130aa35.jpg,w_234713b,28
9827fb662.jpg,w_7e2eb3d,94
511834bc3.jpg,w_fd3e556,198
45c061cf5.jpg,w_2365d55,29
d5767a883.jpg,w_698fcbe,81
582316a38.jpg,w_700ebb4,87
4facdfef6.jpg,w_16df050,20
e990bcf97.jpg,w_88e4537,99
4c3dc5e07.jpg,w_59052ad,69
915634485.jpg,w_36bbd71,43
bac45c5f4.jpg,w_9b5109b,115
ca5caa066.jpg,w_698fcbe,81
006017ddf.jpg,w_8a6a8d5,101
dbfe0e2b8.jpg,w_23a388d,30
5b3a8abe0.jpg,w_34ecf36,42
0cf91e08a.jpg,w_e966f36,180
f0d21c6a5.jpg,w_7e579dd,95
c68950ebb.jpg,w_d72771c,165
ee07a850c.jpg,w_0135f5f,1
4dc665d8f.jpg,w_5e8e218,74
fddc28401.jpg,w_0369a5c,4
14f4f5227.jpg,w_5a2634c,71
092ef02b8.jpg,w_0369a5c,4
811170010.jpg,w_2e374c0,38
d73b9ddb7.jpg,w_04003e9,5
a8e442c41.jpg,w_5597026,63
3780759d3.jpg,w_f602022,189
cefb0b7fa.jpg,w_7d44896,93
6545ebf73.jpg,w_62c78f3,77
545874c14.jpg,w_1f0cf0a,26
d6a2a4942.jpg,w_bfcad53,144
b7fb1af05.jpg,w_23a388d,30
afcd8ed59.jpg,w_d72771c,165
f7e293968.jpg,w_90c9763,106
b00a03bbd.jpg,w_23a388d,30
e0e1284c4.jpg,w_591a2c5,70
8159ad49a.jpg,w_df32eec,172
ca9c78e73.jpg,w_89f6097,100
1bb0c48cd.jpg,w_d72771c,165
598efe3f2.jpg,w_e906edd,179
fa31b61eb.jpg,w_e1ffbe2,175
bfb50d33c.jpg,w_5d5c6a6,73
d92f5ba9a.jpg,w_dee1053,171
a25dfe8e9.jpg,w_2b069ba,34
07c93d623.jpg,w_191bce3,22
c33c39ca7.jpg,w_88e4537,99
81b79b1fd.jpg,w_fd3e556,198
d44df0462.jpg,w_564a34b,65
0bcb9fc34.jpg,w_3879fa0,46
1f9922801.jpg,w_f0eddab,186
28da3099b.jpg,w_7c77c5c,92
b060f5529.jpg,w_90c9763,106
0f47f1032.jpg,w_67a9841,79
ca07480bd.jpg,w_5a2634c,71
4c341979e.jpg,w_60cf87c,76
c0f0b10b5.jpg,w_5e8e218,74
d2ab37982.jpg,w_60ce6fc,75
abd9dc294.jpg,w_0a155b9,8
47cfc0f01.jpg,w_9b5109b,115
6505aba3d.jpg,w_27597ff,33
ff185e91d.jpg,w_eaed433,181
042a3d0b3.jpg,w_a9304b9,123
22fcb5a67.jpg,w_2b069ba,34
da81d2b53.jpg,w_1d532b4,25
01598711e.jpg,w_3de579a,48
559706d7e.jpg,w_30f2f0f,39
de8d2366f.jpg,w_9b5109b,115
4b8212256.jpg,w_564a34b,65
a973a0cba.jpg,w_1f0cf0a,26
35f4646de.jpg,w_0fdf741,14
e65926382.jpg,w_fd6a3ad,199
81b699f70.jpg,w_a8b34a0,122
1ffbe52d0.jpg,w_08630fd,6
45e3e7af9.jpg,w_fd3e556,198
e4f4c72d3.jpg,w_f0fe284,187
f029b430a.jpg,w_700ebb4,87
7fb338aa0.jpg,w_3de579a,48
85a353317.jpg,w_17b0d3a,21
6f1291447.jpg,w_94f41dc,110
9963db752.jpg,w_98d094e,112
191222a3c.jpg,w_ef83760,184
f81e84cb3.jpg,w_3de579a,48
2ea81ac6c.jpg,w_f765256,194
a030cc9ad.jpg,w_3b03149,47
34b1789a7.jpg,w_9c506f6,116
d56bebe32.jpg,w_af367c3,132
a02679558.jpg,w_ae393cd,130
557c56974.jpg,w_04003e9,5
f924801c6.jpg,w_ef83760,184
8a651c0af.jpg,w_f66ec54,191
41cf6fd14.jpg,w_c875e45,153
e59f79383.jpg,w_60ce6fc,75
92dbceb59.jpg,w_59052ad,69
7a482de13.jpg,w_8a6a8d5,101
5c1239498.jpg,w_c1d2fbe,149
ae4973417.jpg,w_9b5109b,115
f72648db1.jpg,w_c6fe966,152
ebdd6652b.jpg,w_17b0d3a,21
a98abe52b.jpg,w_0fdf741,14
3b66bd85d.jpg,w_83a4279,97
12670516b.jpg,w_0369a5c,4
966b0f7c3.jpg,w_2365d55,29
ace48fa72.jpg,w_fd3e556,198
72d253660.jpg,w_f765256,194
05eeabf1b.jpg,w_aa32f70,125
0c057c0a6.jpg,w_700ebb4,87
2b25f15c9.jpg,w_3815890,45
9a3ea3da2.jpg,w_a9304b9,123
1fe16b155.jpg,w_234713b,28
d423d4ebc.jpg,w_3815890,45
de583d130.jpg,w_ae393cd,130
ec0d8583d.jpg,w_cbb15d2,155
c74d9726d.jpg,w_edce644,183
0559d1986.jpg,w_5e8e218,74
e6b1d3cdd.jpg,w_9c506f6,116
c25d6f01b.jpg,w_0a155b9,8
548138df7.jpg,w_12cc52d,15
cd74760f1.jpg,w_08630fd,6
919d58179.jpg,w_23a388d,30
a00e40bea.jpg,w_e966f36,180
36ef0f133.jpg,w_9b5109b,115
67caa277c.jpg,w_e27bbf6,177
557ab69dc.jpg,w_8da30ad,104
8fa189845.jpg,w_04003e9,5
901961c00.jpg,w_d980663,166
4bd167713.jpg,w_1ca9ab1,24
270e39506.jpg,w_7e2eb3d,94
e9475ab7b.jpg,w_025911c,2
0ca116d49.jpg,w_60ce6fc,75
b142d0dd4.jpg,w_6cda039,83
720b710fa.jpg,w_6e6307e,85
f382a4455.jpg,w_2b069ba,34
ee2cb0f57.jpg,w_16b5050,19
b58189b38.jpg,w_51fc1fc,60
579cb55a9.jpg,w_2e374c0,38
ecefb2ca3.jpg,w_34ecf36,42
12509a8e1.jpg,w_2b65b34,36
d32018103.jpg,w_cc1784d,156
6a09bf9c2.jpg,w_3815890,45
7c3ed439b.jpg,w_a9304b9,123
8dc9c679e.jpg,w_5e8e218,74
c403395bd.jpg,w_3de579a,48
a324e94fc.jpg,w_5773c71,66
17d5ac914.jpg,w_d588fb4,164
4d9e8172d.jpg,w_b9e5911,139
d74c6a87d.jpg,w_d405854,161
8ab55e5fb.jpg,w_0369a5c,4
9a4ef09a4.jpg,w_6caff0f,82
b234c7c20.jpg,w_a113b33,119
cdb6ffbf9.jpg,w_6e6307e,85
5bf44258a.jpg,w_778e474,90
64fd8b71b.jpg,w_fd6a3ad,199
ecb0a70d1.jpg,w_accb0cb,129
bf69d7456.jpg,w_4c07458,57
bb86f0613.jpg,w_1ca9ab1,24
89d8c4a4b.jpg,w_d980663,166
361f2e9cb.jpg,w_0a155b9,8
b1a0233cd.jpg,w_fd3e556,198
624900e7d.jpg,w_a8b34a0,122
a2e01f223.jpg,w_0369a5c,4
7c7a054df.jpg,w_c6b4d61,151
3f62ac608.jpg,w_659bdb8,78
3867bfb4c.jpg,w_a8b34a0,122
7cd8b360c.jpg,w_23a388d,30
e9cc90645.jpg,w_9438119,109
97abf1d07.jpg,w_0135f5f,1
82788a404.jpg,w_50fd107,58
439320f0c.jpg,w_3b03149,47
96c469971.jpg,w_db68456,168
c04b414b2.jpg,w_16df050,20
bda980424.jpg,w_67a9841,79
ff9c31f7d.jpg,w_e1ffbe2,175
46b3a0778.jpg,w_2b65b34,36
533329c32.jpg,w_dea40e2,170
2cd419554.jpg,w_939423d,108
025ea05b4.jpg,w_90c9763,106
87c62a64f.jpg,w_67a9841,79
b26bedd57.jpg,w_f602022,189
bd4d50fd7.jpg,w_14330a0,17
36a055e3f.jpg,w_bc285a6,140
a7130cbb0.jpg,w_0bc078c,10
42f134dea.jpg,w_59052ad,69
bd9bd86eb.jpg,w_3de579a,48
29bdf298a.jpg,w_9d86594,117
2a4e00ced.jpg,w_e1ffbe2,175
df5441c32.jpg,w_8003858,96
ea30d1d65.jpg,w_4bf625b,56
8d5c690ed.jpg,w_f765256,194
4f1b79464.jpg,w_bfcad53,144
7b5a06584.jpg,w_3879fa0,46
4dc36d838.jpg,w_733f661,88
0fdde3140.jpg,w_34ecf36,42
0dd5f40f4.jpg,w_b9e5911,139
b5fdf9f5f.jpg,w_5e8e218,74
4d478723a.jpg,w_e07b79f,174
7a3455765.jpg,w_564a34b,65
9e1f7cc3c.jpg,w_0369a5c,4
24100a9fc.jpg,w_9c506f6,116
444cdd71d.jpg,w_9b5109b,115
e542da67f.jpg,w_0f8b8e2,13
f5a8e3b73.jpg,w_af367c3,132
0bd64cea3.jpg,w_60ce6fc,75
55fdf90fd.jpg,w_242fb46,31
2fc45c933.jpg,w_700ebb4,87
477ee1c68.jpg,w_3879fa0,46
7913a0dc5.jpg,w_939423d,108
eaef8e463.jpg,w_b128587,133
3ccfa4891.jpg,w_83a4279,97
bd6d8bc18.jpg,w_36bbd71,43
a58fc70cd.jpg,w_7c77c5c,92
556e204e1.jpg,w_88e4537,99
ab79b2511.jpg,w_1b0db58,23
48fb66a47.jpg,w_659bdb8,78
3ed6369b4.jpg,w_e2a09d4,178
a06f4b6c5.jpg,w_b3ca4b7,134
4417106a6.jpg,w_aa0dacc,124
160e1b5fa.jpg,w_14330a0,17
5e8f3a16b.jpg,w_17b0d3a,21
d18785462.jpg,w_0369a5c,4
97bbaa304.jpg,w_007fefa,0
5336ac99b.jpg,w_fd3e556,198
f391d5d90.jpg,w_0ee7878,12
017bd9a69.jpg,w_191bce3,22
432353a53.jpg,w_aa0dacc,124
f12d99d30.jpg,w_d980663,166
1e7271c12.jpg,w_e2a09d4,178
73cd730e8.jpg,w_36bbd71,43
ad06fa5c7.jpg,w_0cbf1b3,11
1d30841d4.jpg,w_0bc078c,10
74e8b3f7b.jpg,w_659bdb8,78
357ce5346.jpg,w_f7cd240,195
f1aa09393.jpg,w_67a9841,79
2364ba245.jpg,w_c6fe966,152
26848a109.jpg,w_88e4537,99
7c2ed3432.jpg,w_025911c,2
3612c5daf.jpg,w_564a34b,65
1d3eb111b.jpg,w_9b5109b,115
50c11a1d3.jpg,w_12cc52d,15
2a5b2c31b.jpg,w_5597026,63
a7422cdb0.jpg,w_fd3e556,198
b2db5d2f6.jpg,w_2b069ba,34
023dc5c36.jpg,w_0a155b9,8
6af6dbf5a.jpg,w_7e579dd,95
306e29b2d.jpg,w_733f661,88
3cba09780.jpg,w_2e374c0,38
3862949a3.jpg,w_16b5050,19
3a084b7a7.jpg,w_5597026,63
7c8292b22.jpg,w_c875e45,153
cb4537960.jpg,w_564a34b,65
b51bbe347.jpg,w_d405854,161
509919ca6.jpg,w_e07b79f,174
ecb7c945e.jpg,w_90c9763,106
ea2153501.jpg,w_f74a89e,193
382d62eec.jpg,w_581ba42,68
50da0f4dc.jpg,w_8a6a8d5,101
b87617538.jpg,w_0887d9b,7
b53d18682.jpg,w_e906edd,179
018b81a56.jpg,w_0b1e4a6,9
1d8f0b12d.jpg,w_2b65b34,36
f90c02c0e.jpg,w_af367c3,132
ab5090211.jpg,w_f74a89e,193
a5c6fca90.jpg,w_edce644,183
1d9d0abfb.jpg,w_5773c71,66
76f37b142.jpg,w_c25d2d1,150
294ab237b.jpg,w_04003e9,5
8282ee983.jpg,w_efbdcbc,185
cc53cd3cf.jpg,w_1b0db58,23
83d05e445.jpg,w_564a34b,65
909415203.jpg,w_1b0db58,23
bd68e6a0d.jpg,w_c875e45,153
e18dc7a00.jpg,w_90c9763,106
054bb95c0.jpg,w_b938e96,137
683b3d7f5.jpg,w_0369a5c,4
a1214e4b8.jpg,w_12cc52d,15
3332d1c68.jpg,w_aabdf8c,126
207fea321.jpg,w_4516ff1,51
1e1564553.jpg,w_488865e,54
3f0c8a20c.jpg,w_025911c,2
1fb08207c.jpg,w_e27bbf6,177
d5914e0cb.jpg,w_c16cb2c,148
24587f7ed.jpg,w_34ecf36,42
d18a4f7e2.jpg,w_cd4cb49,157
da511e523.jpg,w_a113b33,119
788c4803e.jpg,w_e1ffbe2,175
5426728a8.jpg,w_fccccec,197
a3f585c94.jpg,w_242fb46,31
186dc4deb.jpg,w_f61b957,190
07c0ae10b.jpg,w_db68456,168
a7505ae38.jpg,w_778e474,90
eca25d9b0.jpg,w_d573a68,163
3ea3f4317.jpg,w_accb0cb,129
acab08a7f.jpg,w_343f088,41
d0cd60d12.jpg,w_f0fe284,187
48afdaa6a.jpg,w_53feb91,62
aa6ae8ac7.jpg,w_c97ad94,154
5b0e76d75.jpg,w_90c9763,106
fc8eb819f.jpg,w_7d44896,93
622108b47.jpg,w_ab7c369,128
491d5c1af.jpg,w_53feb91,62
947d98d45.jpg,w_972e51e,111
fbe31a29d.jpg,w_5e8e218,74
f1b850552.jpg,w_53215c6,61
cc1844ee7.jpg,w_6e209a8,84
d11db7835.jpg,w_9c506f6,116
27e0b6ff9.jpg,w_191bce3,22
77a5d0fa1.jpg,w_13aa123,16
fefec451f.jpg,w_343f088,41
839e70552.jpg,w_218fe4a,27
e58cbed7c.jpg,w_ef83760,184
112233c7f.jpg,w_df32eec,172
c04115b32.jpg,w_7e2eb3d,94
d41af4443.jpg,w_939423d,108
00d831b06.jpg,w_6e209a8,84
cfe2c62b9.jpg,w_55b77ce,64
a6ae5e132.jpg,w_4516d31,50
a35bb0c62.jpg,w_6caff0f,82
7ccb46ea2.jpg,w_30f2f0f,39
7b507c0c8.jpg,w_1ca9ab1,24
89b00d9a7.jpg,w_23a388d,30
a290b92a7.jpg,w_700ebb4,87
ea8bc182b.jpg,w_c25d2d1,150
5dcc8f372.jpg,w_36bbd71,43
099e81760.jpg,w_0fdf741,14
da7e70660.jpg,w_51fc1fc,60
8a36c79c4.jpg,w_9b5109b,115
fba324ebc.jpg,w_5d5c6a6,73
241aeee0f.jpg,w_e2372d6,176
8642fa3a7.jpg,w_b938e96,137
ed77166d6.jpg,w_564a34b,65
d7ce19986.jpg,w_2b4b82e,35
2b8424f3b.jpg,w_c6b4d61,151
f8e2fbe61.jpg,w_8c25681,103
3a601f297.jpg,w_3de579a,48
1b5f121ab.jpg,w_b71ac68,136
1be9ea254.jpg,w_4a28f21,55
c1ec12eb6.jpg,w_f48451c,188
fa5211df9.jpg,w_88e4537,99
08aee34dc.jpg,w_d588fb4,164
d000a71ca.jpg,w_5a2634c,71
becb0e860.jpg,w_2b069ba,34
ba2355ca6.jpg,w_3b03149,47
a03c416f6.jpg,w_c25d2d1,150
ccb182f07.jpg,w_34ecf36,42
4c8249bbe.jpg,w_4c07458,57
3d34f1605.jpg,w_d980663,166
8babd9049.jpg,w_03670aa,3
a90ad765d.jpg,w_98d094e,112
f1f9589c6.jpg,w_fd6a3ad,199
de52bea5b.jpg,w_2b4b82e,35
b457e92f3.jpg,w_17b0d3a,21
64371b99d.jpg,w_34120de,40
f1bf12781.jpg,w_60ce6fc,75
1cb57f0b9.jpg,w_025911c,2
823a8f8c3.jpg,w_b3ca4b7,134
5457aee09.jpg,w_75f6ffa,89
5fe14e4d0.jpg,w_e906edd,179
967338f4b.jpg,w_be4f189,142
c51c83e21.jpg,w_da011a1,167
892e47884.jpg,w_0369a5c,4
c18443d46.jpg,w_488865e,54
6734ad6a6.jpg,w_d588fb4,164
8a47c7eda.jpg,w_e01ca20,173
a83edb385.jpg,w_8f1069a,105
023b99fbe.jpg,w_f0fe284,187
3cb958ffd.jpg,w_aa0dacc,124
8f57595ce.jpg,w_a8b34a0,122
cb7989c25.jpg,w_f66ec54,191
bef8b9993.jpg,w_789c969,91
0f6de2175.jpg,w_8f1069a,105
48faa86aa.jpg,w_51fc1fc,60
88285e65a.jpg,w_a9304b9,123
4ede10890.jpg,w_e2372d6,176
876f9a8e2.jpg,w_9c506f6,116
87e5dde9f.jpg,w_242fb46,31
1f4ceba57.jpg,w_26c0ffd,32
59c282b8f.jpg,w_f61b957,190
a1ad047dd.jpg,w_af367c3,132
2366a392f.jpg,w_b9e5911,139
6a0cd4d60.jpg,w_0bc078c,10
783add849.jpg,w_0887d9b,7
4e824e5c5.jpg,w_0bc078c,10
596ed9430.jpg,w_89f6097,100
9e658afa0.jpg,w_23a388d,30
47071b59c.jpg,w_23a388d,30
6072a3187.jpg,w_d066f46,160
993f110f3.jpg,w_af367c3,132
223bdaa94.jpg,w_564a34b,65
6950e84f2.jpg,w_f765256,194
7d9241b94.jpg,w_cda3971,158
281dfecc2.jpg,w_89f6097,100
a5cd68ee6.jpg,w_2df85e7,37
403c79d68.jpg,w_40a8585,49
cf2d92762.jpg,w_08630fd,6
a79868dfc.jpg,w_564a34b,65
36aa1c73f.jpg,w_aabdf8c,126
c81b80a53.jpg,w_2e374c0,38
860765017.jpg,w_e01ca20,173
64894ec3f.jpg,w_f829227,196
e16e10691.jpg,w_23a388d,30
8f6512e79.jpg,w_242fb46,31
66dcffd2c.jpg,w_d405854,161
6c9582ded.jpg,w_5e8e218,74
55cbcaf6b.jpg,w_343f088,41
d299cf550.jpg,w_08630fd,6
2342ad3d4.jpg,w_6caff0f,82
1965df4d1.jpg,w_0a155b9,8
4acc5c8e9.jpg,w_cd4cb49,157
4700e2617.jpg,w_bc285a6,140
db76f329c.jpg,w_dee1053,171
bc09c2717.jpg,w_8003858,96
5926399be.jpg,w_90c9763,106
dc5fccb0b.jpg,w_23a388d,30
30e7ab8c0.jpg,w_1ca9ab1,24
d72b8b423.jpg,w_d066c0a,159
0b38cb192.jpg,w_3de579a,48
4925dba65.jpg,w_5597026,63
414db13ab.jpg,w_234713b,28
efbf30b18.jpg,w_f0fe284,187
f1af9c046.jpg,w_a113b33,119
d312dcce9.jpg,w_6e6307e,85
69de95323.jpg,w_4690940,52
188b04c45.jpg,w_9c506f6,116
b01af5281.jpg,w_b9c99cc,138
c25145ee0.jpg,w_7d44896,93
2d517b4db.jpg,w_2365d55,29
87d5a2e91.jpg,w_b9e5911,139
803946295.jpg,w_789c969,91
de6cf8b6c.jpg,w_7e2eb3d,94
c95f2e4e8.jpg,w_e966f36,180
3959dfa61.jpg,w_75f6ffa,89
d4e9f66be.jpg,w_2b069ba,34
d5896c9a0.jpg,w_f765256,194
fec147305.jpg,w_1d532b4,25
cc5225401.jpg,w_2b65b34,36
60ae815d1.jpg,w_564a34b,65
b629b3a5c.jpg,w_7d44896,93
13c6d2436.jpg,w_b3cc7b3,135
e053ceacd.jpg,w_4a28f21,55
2c2076684.jpg,w_17b0d3a,21
f82f93c15.jpg,w_fd3e556,198
1962317c5.jpg,w_778e474,90
28726fae0.jpg,w_6cda039,83
16ddf58df.jpg,w_c1d2fbe,149
9473bce30.jpg,w_0369a5c,4
f788c17b8.jpg,w_89f6097,100
cfd72bb47.jpg,w_7d44896,93
f9dded842.jpg,w_df32eec,172
7dfb8ad55.jpg,w_6e209a8,84
703d37c5a.jpg,w_f6c5343,192
4b3abf879.jpg,w_564a34b,65
709817b91.jpg,w_a9304b9,123
f0d7f93bf.jpg,w_cd4cb49,157
80b660205.jpg,w_4846b27,53
d603effd2.jpg,w_a113b33,119
d195047d1.jpg,w_6822dbc,80
574661c68.jpg,w_40a8585,49
5b0cc1880.jpg,w_b938e96,137
da1a05862.jpg,w_6822dbc,80
2186bcd4d.jpg,w_3815890,45
f4e19c4fa.jpg,w_94f41dc,110
72ea5026c.jpg,w_98d094e,112
a336b25cf.jpg,w_bfe77d0,145
a9be9bf30.jpg,w_6e209a8,84
e3eeb2d7a.jpg,w_60cf87c,76
577d9c174.jpg,w_e966f36,180
20881b405.jpg,w_88e4537,99
4cdb8c8dc.jpg,w_3de579a,48
efff25d8b.jpg,w_26c0ffd,32
32d283013.jpg,w_eaed433,181
10635479a.jpg,w_b9e5911,139
383e62026.jpg,w_191bce3,22
14104b121.jpg,w_57db059,67
2c31bfedf.jpg,w_d494351,162
bf312b0c2.jpg,w_23a388d,30
b71fccf50.jpg,w_dee1053,171
7f3b3a6c0.jpg,w_bfe77d0,145
9e762a7e1.jpg,w_bc285a6,140
fdda3c3c2.jpg,w_37d2f3a,44
ed135b296.jpg,w_c6b4d61,151
3125ac486.jpg,w_c6b4d61,151
48837015b.jpg,w_9b5109b,115
ed076afb0.jpg,w_aa32f70,125
9af8c4c52.jpg,w_939423d,108
c5aac3108.jpg,w_8da30ad,104
88cb6f0d5.jpg,w_5597026,63
8dd500109.jpg,w_bfcad53,144
781872507.jpg,w_88e4537,99
52930ba58.jpg,w_53feb91,62
d8c7e3aab.jpg,w_d405854,161
72247654d.jpg,w_564a34b,65
ef1d5fd6e.jpg,w_f765256,194
800ac9c4c.jpg,w_778e474,90
72ead0a4d.jpg,w_0ee7878,12
987e6b641.jpg,w_0b1e4a6,9
e6b70421a.jpg,w_9c506f6,116
27b95408a.jpg,w_af367c3,132
de4c4f2bc.jpg,w_af367c3,132
1cc8c1d29.jpg,w_89f6097,100
a6d9e96f4.jpg,w_6caff0f,82
614c4e4d5.jpg,w_d405854,161
780259684.jpg,w_ab7c369,128
c1aaa7592.jpg,w_be4f189,142
322c922ba.jpg,w_26c0ffd,32
b8322e903.jpg,w_d405854,161
e5990aea6.jpg,w_9c506f6,116
97e67c306.jpg,w_aa0dacc,124
45adc4f95.jpg,w_04003e9,5
8b0f0caa4.jpg,w_cc1784d,156
f734f7cd3.jpg,w_9b5109b,115
dcb35a093.jpg,w_14330a0,17
619d16c96.jpg,w_a9304b9,123
a023df25c.jpg,w_659bdb8,78
6791bd187.jpg,w_8c25681,103
ba1bbd54f.jpg,w_e1ffbe2,175
edbbe6bba.jpg,w_51fc1fc,60
492f18f16.jpg,w_b3cc7b3,135
9a3491fef.jpg,w_a190a88,120
377057ee8.jpg,w_efbdcbc,185
2b7fe637b.jpg,w_0fdf741,14
4e571a63f.jpg,w_8c25681,103
2f0c584a4.jpg,w_789c969,91
0a9c17b5c.jpg,w_60ce6fc,75
ad2a201f1.jpg,w_9b5109b,115
7feb6b71e.jpg,w_51fc1fc,60
2b6027844.jpg,w_c1d2fbe,149
385441e76.jpg,w_57db059,67
2d695b251.jpg,w_5a3e0de,72
5e820d56a.jpg,w_7e2eb3d,94
ad70af04e.jpg,w_23a388d,30
3b5cad1c5.jpg,w_dea40e2,170
d2b5ece6f.jpg,w_a113b33,119
cd13c0125.jpg,w_55b77ce,64
db453f128.jpg,w_a6a732d,121
85fe68ac3.jpg,w_8da30ad,104
10d462780.jpg,w_5a3e0de,72
9e8998a35.jpg,w_5e8e218,74
7796b3b95.jpg,w_d494351,162
f38b7abe2.jpg,w_03670aa,3
7d8c5c72e.jpg,w_6e209a8,84
1c11e4f25.jpg,w_0369a5c,4
d62b24c81.jpg,w_bfcad53,144
7cc2eb7a9.jpg,w_1ca9ab1,24
4cf4184db.jpg,w_cc1784d,156
dd91b31de.jpg,w_6caff0f,82
5d079345f.jpg,w_e1ffbe2,175
8865153d7.jpg,w_1ca9ab1,24
329c75b33.jpg,w_e966f36,180
b4cb30afd.jpg,w_a9304b9,123
aa5317e06.jpg,w_cc1784d,156
8d4453e81.jpg,w_17b0d3a,21
b5f034297.jpg,w_7e579dd,95
ea685fbba.jpg,w_60cf87c,76
04a74df45.jpg,w_f74a89e,193
dcac0b8c9.jpg,w_16df050,20
cb050f55c.jpg,w_51e7506,59
